-- phpMyAdmin SQL Dump
-- version 5.2.0
-- https://www.phpmyadmin.net/
--
-- Host: 127.0.0.1
-- Generation Time: Jan 10, 2023 at 08:26 AM
-- Server version: 10.4.24-MariaDB
-- PHP Version: 8.1.6

SET SQL_MODE = "NO_AUTO_VALUE_ON_ZERO";
START TRANSACTION;
SET time_zone = "+00:00";


/*!40101 SET @OLD_CHARACTER_SET_CLIENT=@@CHARACTER_SET_CLIENT */;
/*!40101 SET @OLD_CHARACTER_SET_RESULTS=@@CHARACTER_SET_RESULTS */;
/*!40101 SET @OLD_COLLATION_CONNECTION=@@COLLATION_CONNECTION */;
/*!40101 SET NAMES utf8mb4 */;

--
-- Database: `web_gps`
--

-- --------------------------------------------------------

--
-- Table structure for table `absen_kendaraan`
--

CREATE TABLE `absen_kendaraan` (
  `id` bigint(20) UNSIGNED NOT NULL,
  `id_daerah` bigint(20) NOT NULL,
  `nopol` text COLLATE utf8mb4_unicode_ci NOT NULL,
  `nm_supir` varchar(255) COLLATE utf8mb4_unicode_ci NOT NULL,
  `created_at` timestamp NULL DEFAULT NULL,
  `updated_at` timestamp NULL DEFAULT NULL
) ENGINE=InnoDB DEFAULT CHARSET=utf8mb4 COLLATE=utf8mb4_unicode_ci;

--
-- Dumping data for table `absen_kendaraan`
--

INSERT INTO `absen_kendaraan` (`id`, `id_daerah`, `nopol`, `nm_supir`, `created_at`, `updated_at`) VALUES
(19, 1, 'DM 8580 AY / L 8545 UI /LOHAN 235', 'AGUSTIAN MADJID', '2023-01-06 21:45:37', '2023-01-06 21:47:29'),
(20, 1, 'L 9692 UI /B 12054', 'NOLDI', '2023-01-06 21:47:44', '2023-01-06 21:47:44'),
(21, 1, 'L 9694 UI /B 12064', 'Kai', '2023-01-06 21:47:59', '2023-01-06 21:47:59'),
(22, 1, 'L 9695 UI /B 12053', 'ISWAN', '2023-01-06 21:48:14', '2023-01-06 21:48:14'),
(23, 1, 'L 9697 UI /B 12062', 'UDI', '2023-01-06 21:48:36', '2023-01-06 21:48:36'),
(24, 2, 'L 8488 UI / 11508', 'KAHAR', '2023-01-06 21:50:42', '2023-01-06 21:50:42'),
(25, 2, 'L 8489 UI / 11507', 'KUSDI', '2023-01-06 21:50:56', '2023-01-06 21:50:56'),
(26, 3, 'L 9704 UO / L 9800 UY', 'BAGUS', '2023-01-06 21:52:38', '2023-01-06 21:52:38'),
(27, 3, 'L 9719 UO / L 9300 UZ', 'M. SHOIR', '2023-01-06 21:53:00', '2023-01-06 21:53:00'),
(28, 3, 'L 9721 UO / L 9500 UY', 'JUMARI', '2023-01-06 21:53:13', '2023-01-06 21:53:13'),
(29, 3, 'L 9383 UH / B 14293', '-', '2023-01-06 21:53:24', '2023-01-06 21:53:24'),
(30, 4, 'B 9634 QZ', '-', '2023-01-06 21:53:45', '2023-01-06 21:53:45'),
(31, 4, 'L 9206 US/L 9666 UW/10409', 'SUBHI', '2023-01-06 21:54:06', '2023-01-06 21:54:06'),
(32, 4, 'L 9208 UX / 10703', 'BUDIANSYAH', '2023-01-06 21:54:20', '2023-01-06 21:54:20'),
(33, 4, 'B 11692 / L 9246 UI\r\n10704', 'POAN', '2023-01-06 21:54:38', '2023-01-06 21:54:38'),
(34, 4, 'L 9056 UG / B 124503', 'RUSLI', '2023-01-06 21:54:51', '2023-01-06 21:54:51'),
(35, 4, 'L 8493 UC / B 12454', 'HAMADI', '2023-01-06 21:55:05', '2023-01-06 21:55:05'),
(36, 5, 'L 8819 UB / E 12398', 'BRAM / STANLY', '2023-01-06 21:55:35', '2023-01-06 21:55:35'),
(37, 5, 'L 8825 UB / E 12386', 'GLENDY', '2023-01-06 21:55:54', '2023-01-06 21:55:54'),
(38, 5, 'L 9563 UJ/L 9883 UV/ L 9295 UN', 'RONALD', '2023-01-06 21:56:11', '2023-01-06 21:56:11'),
(39, 5, 'L 8139 UB', 'YANUAR', '2023-01-06 21:56:23', '2023-01-06 21:56:23'),
(40, 5, 'L 9179 UC / E 15871', 'CHRISTIAN', '2023-01-06 21:56:38', '2023-01-06 21:56:38'),
(41, 5, 'L 9137 UB / E 15886', 'JAINDRI', '2023-01-06 21:56:52', '2023-01-06 21:56:52'),
(42, 6, 'L 8216 UX  / L 8341 UU', 'ZUL', '2023-01-06 22:23:49', '2023-01-06 22:23:49'),
(43, 6, 'L 8171 UX / L 8347 UU', 'UDIN', '2023-01-06 22:24:02', '2023-01-06 22:24:02'),
(44, 7, 'L 8184 UX / L 8344 UU', 'RISWAN', '2023-01-06 22:25:41', '2023-01-06 22:25:41'),
(45, 7, 'L 8277 UY / 10901', 'AHMAD', '2023-01-06 22:25:53', '2023-01-06 22:25:53'),
(46, 7, 'L 8185 UX / L 8346 UU (BONE)', 'AGUNG', '2023-01-06 22:26:04', '2023-01-06 22:26:04'),
(47, 7, 'L 9943 UE / L 8032 UU (pare-bone)', '-', '2023-01-06 22:26:22', '2023-01-06 22:26:22'),
(48, 7, 'L 8209 UX / L 8345 UU', '-', '2023-01-06 22:26:34', '2023-01-06 22:26:34'),
(49, 7, 'L 9668 UV', '-', '2023-01-06 22:26:41', '2023-01-06 22:26:41'),
(50, 7, 'L 9181 UC / B 14267', 'WAHAB', '2023-01-06 22:26:58', '2023-01-06 22:27:26'),
(51, 7, 'L 9152 UB / B 14278', 'JUHARDI', '2023-01-06 22:27:16', '2023-01-06 22:27:44'),
(52, 7, 'L 9399 UH', '-', '2023-01-06 22:28:26', '2023-01-06 22:28:26'),
(53, 7, 'L 9326 UH / B 14296', '-', '2023-01-06 22:28:40', '2023-01-06 22:28:40'),
(54, 7, 'L 8566 UF / P 10164', '-', '2023-01-06 22:28:48', '2023-01-06 22:28:48'),
(55, 7, 'L 8568 UF / P 10161', '-', '2023-01-06 22:28:59', '2023-01-06 22:28:59'),
(56, 7, 'L 8569 UF / P 10160', '-', '2023-01-06 22:29:12', '2023-01-06 22:29:12'),
(57, 8, 'L 9758 UV / L 8342 UU', 'FIRDAUS', '2023-01-06 22:30:13', '2023-01-06 22:30:13'),
(58, 8, 'L 9703 UO / L 9911 UW', 'KIKI JAMAL', '2023-01-06 22:30:31', '2023-01-06 22:30:31'),
(59, 8, 'L 9249 UI / B 11702', 'ACOK', '2023-01-06 22:30:43', '2023-01-06 22:30:43'),
(60, 8, 'L 9248 UI / B 11730', 'ABRI', '2023-01-06 22:30:58', '2023-01-06 22:30:58'),
(61, 8, 'L 9807 UI / LOHAN B 12159', 'EKO', '2023-01-06 22:31:22', '2023-01-06 22:31:22'),
(62, 8, 'L 9946 UE / L 8034 UU \r\nBONE', 'KAMAL', '2023-01-06 22:31:45', '2023-01-06 22:31:53'),
(63, 8, 'L 8203 UB / 13286', 'SAMSUDIN', '2023-01-06 22:32:09', '2023-01-06 22:32:09'),
(64, 8, 'L 8243 UB / 13288', 'JUNAIDI', '2023-01-06 22:32:23', '2023-01-06 22:32:23'),
(65, 8, 'L 8246 UB / 13289', 'UFIK', '2023-01-06 22:32:38', '2023-01-06 22:32:38'),
(66, 8, 'L 8025 UW / B 13942', 'UFIK', '2023-01-06 22:32:51', '2023-01-06 22:32:51'),
(67, 8, 'L 9877 UW / B 13939', 'UFIK', '2023-01-06 22:33:03', '2023-01-06 22:33:03'),
(68, 9, 'L 8303 UY /10902', 'UDIN', '2023-01-06 22:33:25', '2023-01-06 22:33:25'),
(69, 9, 'L 8774 UB / B 12353', 'UKKY', '2023-01-06 22:33:39', '2023-01-06 22:33:39'),
(70, 10, 'B 11729 / L 9245 UI', 'NOPE', '2023-01-06 22:38:30', '2023-01-06 22:38:30'),
(71, 10, 'B 11687 / L 9247 UI', 'IKU', '2023-01-06 22:38:44', '2023-01-06 22:38:44'),
(72, 10, 'L 9345 UH/L 8765 UU', 'ARFAN', '2023-01-06 22:39:00', '2023-01-06 22:39:00'),
(73, 10, 'L 9839 UH/L 8763 UU', 'LEO', '2023-01-06 22:39:12', '2023-01-06 22:39:12'),
(74, 11, 'L 8240 UB / F 13785', 'MIKEL', '2023-01-06 22:39:41', '2023-01-06 22:39:41'),
(75, 11, 'L 8326 UH/L 8764 UU', 'SERVAS', '2023-01-06 22:39:57', '2023-01-06 22:39:57'),
(76, 12, 'L 8499 UZ / 16003', 'DELIS/FIDELIS', '2023-01-06 22:41:37', '2023-01-06 22:41:37'),
(77, 12, 'L 8459 UZ', 'JONNY', '2023-01-06 22:41:47', '2023-01-06 22:41:47'),
(78, 12, 'L 8145 UZ / 16004', 'OM TUS/ ROBERTUS', '2023-01-06 22:42:00', '2023-01-06 22:42:00'),
(79, 13, 'L 8544 UI (LOHAN 235)', 'Hasan', '2023-01-06 22:42:35', '2023-01-06 22:42:35'),
(80, 13, 'L 8546 UI (LOHAN 235)', 'Andi Parlan', '2023-01-06 22:42:49', '2023-01-06 22:42:49'),
(81, 14, 'L 9805 UI / LOHAN B 12143', 'MUJI', '2023-01-06 22:44:59', '2023-01-06 22:44:59'),
(82, 14, 'L 9806 UI / LOHAN B 12137', 'GUNTUR', '2023-01-06 22:45:11', '2023-01-06 22:45:11'),
(83, 14, 'H 1814 AP', '-', '2023-01-06 22:45:23', '2023-01-06 22:45:23'),
(84, 15, 'L 8151 UZ / L 8443 UU', 'dani', '2023-01-06 22:47:15', '2023-01-06 22:47:15'),
(85, 15, 'L 8178 UZ / L 8445 UU', 'YUSUF', '2023-01-06 22:47:28', '2023-01-06 22:47:28'),
(86, 15, 'D 10134/ L 9381 UI', 'HAMID', '2023-01-06 22:47:41', '2023-01-06 22:47:41'),
(87, 15, 'D 10167/ L 8907 UJ', 'SUPRI', '2023-01-06 22:47:55', '2023-01-06 22:47:55'),
(88, 15, 'L 9691 UI / LOHAN B', '-', '2023-01-06 22:48:06', '2023-01-06 22:50:39'),
(89, 15, 'L 9325 UH / B 14296', '-', '2023-01-06 22:50:58', '2023-01-06 22:50:58'),
(90, 16, 'L 9809 UI / LOHAN B 12150', 'Kahar', '2023-01-06 22:51:41', '2023-01-06 22:51:41'),
(91, 16, 'L 9808 UI / LOHAN B 12140', 'SUGENG', '2023-01-06 22:51:54', '2023-01-06 22:51:54'),
(92, 16, 'L 8488 UC / B 12443', 'IWAN', '2023-01-06 22:52:06', '2023-01-06 22:52:06'),
(93, 16, 'L 8167 UB / F 13784', 'ADRI', '2023-01-06 22:52:19', '2023-01-06 22:52:19'),
(94, 16, 'L 8565 UF / P 10162', 'HASANUDIN', '2023-01-06 22:52:37', '2023-01-06 22:52:37'),
(95, 17, 'L 9755 UY / L 9665 US', '-', '2023-01-06 22:59:51', '2023-01-06 22:59:51'),
(96, 17, 'L 9758 UY / L 9670 US', '-', '2023-01-06 23:00:05', '2023-01-06 23:00:05'),
(97, 17, 'L 8157 UI / L 9783 UT', 'SANDI', '2023-01-06 23:00:14', '2023-01-06 23:00:14'),
(98, 17, 'L 8224 UI / L 9203 UT', 'FAHRUL', '2023-01-06 23:00:25', '2023-01-06 23:00:25'),
(99, 17, 'L 8766 UU/ L 8800 UZ / L 9271 UN', '-', '2023-01-06 23:00:39', '2023-01-06 23:00:39'),
(100, 17, 'L 8227 UI / L 9774 UN', '-', '2023-01-06 23:00:47', '2023-01-06 23:00:47'),
(101, 17, 'L 9758 UU / L 9561 US', '-', '2023-01-06 23:00:56', '2023-01-06 23:00:56'),
(102, 17, 'L 8157 UZ / L 8440 UU', '-', '2023-01-06 23:01:03', '2023-01-06 23:01:03'),
(103, 17, 'L 9752 UV / L 8369 UU', '-', '2023-01-06 23:01:12', '2023-01-06 23:01:12'),
(104, 17, 'L 8693 UH / L 8761 UU', 'JAKA', '2023-01-06 23:01:28', '2023-01-06 23:01:28'),
(105, 17, 'L 8283 UY / 10900', 'YATNA', '2023-01-06 23:01:40', '2023-01-06 23:01:40'),
(106, 17, 'L 8346 UY / 10898', '-', '2023-01-06 23:01:53', '2023-01-06 23:01:53'),
(107, 17, 'L 9698 UX / 10702', '-', '2023-01-06 23:02:05', '2023-01-06 23:02:22'),
(108, 17, 'L 8794 UY/ L 9562 US', '-', '2023-01-06 23:02:30', '2023-01-06 23:03:10'),
(109, 17, 'L 8114 UW / 9563 US', '-', '2023-01-06 23:02:45', '2023-01-06 23:02:45'),
(110, 17, 'L 8592 UI / L 9223 UT', '-', '2023-01-06 23:03:26', '2023-01-06 23:03:26'),
(111, 17, 'L 8152 UI / L 9828 UT', '-', '2023-01-06 23:03:40', '2023-01-06 23:03:40'),
(112, 17, 'L 9733 UV / L 8372 UU', '-', '2023-01-06 23:03:53', '2023-01-06 23:03:53'),
(113, 17, 'L 8195 UB / 13285', '-', '2023-01-06 23:04:16', '2023-01-06 23:04:16'),
(114, 17, 'L 8239 UB / 13281', '-', '2023-01-06 23:04:36', '2023-01-06 23:04:36'),
(115, 17, 'L 8194 UB / 13284', '-', '2023-01-06 23:04:45', '2023-01-06 23:04:45'),
(116, 17, 'L 8110 UI / L 9202 UT', '-', '2023-01-06 23:04:55', '2023-01-06 23:04:55'),
(117, 17, 'L 8759 UU/ L 9668 UV/L 9268 UN', '-', '2023-01-06 23:05:03', '2023-01-06 23:05:03'),
(118, 17, 'L 8978 UA /L 8760 UU', '-', '2023-01-06 23:05:12', '2023-01-06 23:05:12'),
(119, 18, 'L 8150 UZ / L 8441 UU', 'HERI', '2023-01-06 23:05:59', '2023-01-06 23:05:59'),
(120, 18, 'L 8143 UZ / L 8446 UU', 'GABE', '2023-01-06 23:06:14', '2023-01-06 23:06:14'),
(121, 18, 'L 8182 UZ / L 8444 UU', 'JON HARIS', '2023-01-06 23:06:25', '2023-01-06 23:06:25'),
(122, 18, 'L 9740 UV / L 8371 UU', 'BONAS', '2023-01-06 23:06:38', '2023-01-06 23:06:38'),
(123, 18, 'L 8094 UJ / L 9700 UY', '-', '2023-01-06 23:06:51', '2023-01-06 23:06:51'),
(124, 18, 'L 9025 UV / B 13941', '-', '2023-01-06 23:06:55', '2023-01-06 23:06:55'),
(125, 19, 'L 9322 UH / B 14294', 'AGUS', '2023-01-06 23:07:21', '2023-01-06 23:07:30'),
(126, 20, 'L 8498 UC / E 12750', 'ARFAN/NELIS', '2023-01-06 23:07:59', '2023-01-06 23:07:59'),
(127, 20, 'L 8495 UC / E 12760', 'NOPHY/AGUS', '2023-01-06 23:08:12', '2023-01-06 23:08:12'),
(128, 21, 'L 8150 UZ / L 8441 UU', 'HERI', '2023-01-06 23:08:37', '2023-01-06 23:08:37'),
(129, 21, 'L 8143 UZ / L 8446 UU', 'GABE', '2023-01-06 23:08:49', '2023-01-06 23:08:49'),
(130, 21, 'L 8182 UZ / L 8444 UU', 'JON HARIS', '2023-01-06 23:09:02', '2023-01-06 23:09:02'),
(131, 21, 'L 9740 UV / L 8371 UU', 'BONAS', '2023-01-06 23:09:21', '2023-01-06 23:09:21'),
(132, 21, 'L 8094 UJ / L 9700 UY', '-', '2023-01-06 23:09:35', '2023-01-06 23:09:35'),
(133, 21, 'L 9025 UV / B 13941', '-', '2023-01-06 23:09:45', '2023-01-06 23:09:45'),
(134, 22, 'L 8799 UU / L 8767 UU', '-', '2023-01-06 23:14:59', '2023-01-06 23:14:59'),
(135, 22, 'L 8780 UB / B 12356', '-', '2023-01-06 23:15:09', '2023-01-06 23:15:09'),
(136, 22, 'L 9057 UG / E 12482', '-', '2023-01-06 23:15:19', '2023-01-06 23:15:19'),
(137, 22, 'L 8220 UB / 13287', '-', '2023-01-06 23:15:31', '2023-01-06 23:15:31'),
(138, 22, 'L 9008 UQ/ L 9600 UY', '-', '2023-01-06 23:15:46', '2023-01-06 23:15:46'),
(139, 22, 'L 9539 UU / L 8762 UU', '-', '2023-01-06 23:15:57', '2023-01-06 23:15:57'),
(140, 22, 'L 9030 UV', '-', '2023-01-06 23:16:13', '2023-01-06 23:16:13'),
(141, 22, 'L 9188 UC / B 14271', '-', '2023-01-06 23:16:25', '2023-01-06 23:16:25'),
(142, 22, 'L 9172 UC / B 14258', '-', '2023-01-06 23:16:33', '2023-01-06 23:16:33'),
(143, 22, 'L 9192 UC / B 14272', '-', '2023-01-06 23:16:41', '2023-01-06 23:16:41'),
(144, 22, 'L 8096 UI /L 9766 UN (BONE)', '-', '2023-01-06 23:16:52', '2023-01-06 23:16:52'),
(145, 22, 'L 8567 UF / P 10163', '-', '2023-01-06 23:17:00', '2023-01-06 23:17:00'),
(146, 22, 'P 10276', '-', '2023-01-06 23:17:10', '2023-01-06 23:17:10'),
(147, 22, 'P 10280', '-', '2023-01-06 23:17:19', '2023-01-06 23:17:19'),
(148, 22, 'L 9947 UE / L 8033 UU', '-', '2023-01-06 23:17:28', '2023-01-06 23:17:28'),
(149, 22, 'L 8120 UUD / P 10224', '-', '2023-01-06 23:17:35', '2023-01-06 23:17:35'),
(150, 22, 'L 8119 UUD / P 10228', '-', '2023-01-06 23:17:44', '2023-01-06 23:17:44'),
(151, 22, 'L 9942 UE / L 8035 UU', '-', '2023-01-06 23:17:54', '2023-01-06 23:17:54'),
(152, 23, 'L 8229 UB', '-', '2023-01-06 23:18:21', '2023-01-06 23:18:21'),
(153, 23, 'L 8491 UC / E 12471', '-', '2023-01-06 23:18:32', '2023-01-06 23:18:32'),
(154, 23, 'L 8318 UY / 10903', '-', '2023-01-06 23:18:48', '2023-01-06 23:18:48'),
(155, 23, 'L 9497 UX', '-', '2023-01-06 23:18:58', '2023-01-06 23:18:58'),
(156, 23, 'L 9125 UV / L 8900 UW / L 8694 UG', '-', '2023-01-06 23:19:07', '2023-01-06 23:19:07'),
(157, 23, 'L 8156 UI / L 9205 UT', '-', '2023-01-06 23:19:14', '2023-01-06 23:19:14'),
(158, 23, 'L 8510 UI / L 9224 UT', '-', '2023-01-06 23:19:22', '2023-01-06 23:19:22'),
(159, 23, 'L 8117 UUD / P 10226', '-', '2023-01-06 23:19:29', '2023-01-06 23:19:29'),
(160, 24, 'L 8210 UB / 13280', '-', '2023-01-06 23:19:54', '2023-01-06 23:19:54'),
(161, 24, 'L 8135 UB / 13283', '-', '2023-01-06 23:20:05', '2023-01-06 23:20:05'),
(162, 24, 'L 9058 UG / B 12480', '-', '2023-01-06 23:20:13', '2023-01-06 23:20:13'),
(163, 24, 'L 9751 UV / L 8373 UU', '-', '2023-01-06 23:20:25', '2023-01-06 23:20:25'),
(164, 24, 'L 8116 UUD / P 10227', '-', '2023-01-06 23:20:32', '2023-01-06 23:20:32'),
(165, 25, 'L 8006 UY/ L 9443 UN', 'KUS', '2023-01-06 23:20:54', '2023-01-06 23:20:54'),
(166, 25, 'L 8844 UU/L 9077 UR', 'SUMIRAN', '2023-01-06 23:21:06', '2023-01-06 23:21:06'),
(167, 25, 'L 8700 UZ/L 9323 UG', 'BUDI', '2023-01-06 23:21:18', '2023-01-06 23:21:18'),
(168, 25, 'L 8443 UI/ L 9220 UT', 'SURAJI', '2023-01-06 23:21:29', '2023-01-06 23:21:29'),
(169, 26, 'AG 8433 UL / AG 9346 UP/AG 8209 UM', 'SUPANGAT', '2023-01-09 23:17:24', '2023-01-09 23:17:24'),
(170, 26, 'AG 9516 UB / AG 9861 UA', 'SUYANTO', '2023-01-09 23:17:36', '2023-01-09 23:17:36'),
(171, 27, 'AG 8126 UB', 'TUMIRIN', '2023-01-09 23:18:08', '2023-01-09 23:18:08'),
(172, 27, 'L 9052 UQ/L 8714 UZ', 'DANI', '2023-01-09 23:18:21', '2023-01-09 23:18:21'),
(173, 27, 'L 8917 UQ/L 8714 UY', 'SUYONO', '2023-01-09 23:18:33', '2023-01-09 23:18:33'),
(174, 27, 'L 8187 UT/L 8892 UW', 'FIKI', '2023-01-09 23:18:46', '2023-01-09 23:18:46'),
(175, 27, 'W 8346 UW / W 9533 UY', 'ANGGUN', '2023-01-09 23:18:59', '2023-01-09 23:18:59'),
(176, 27, 'W 9427 UG / B 9711 DM', 'SUTIMAN', '2023-01-09 23:19:14', '2023-01-09 23:19:14'),
(177, 27, 'W 8273 UW / B 9313 HS', 'AGUNG', '2023-01-09 23:19:29', '2023-01-09 23:19:29'),
(178, 27, 'L 8267 UX', 'SUYANTO', '2023-01-09 23:19:45', '2023-01-09 23:19:45'),
(179, 27, 'L 9850 UH/L 9003 UU/ L 9283 UN', 'TATOK', '2023-01-09 23:20:01', '2023-01-09 23:20:01'),
(180, 27, 'L 8500 UX', 'WIJI', '2023-01-09 23:20:13', '2023-01-09 23:20:13'),
(181, 27, 'AG 8024 UF/AG 8892 UD/AG 8754 UG', 'JASMAN', '2023-01-09 23:20:25', '2023-01-09 23:20:25'),
(182, 27, 'W 8445 UA / B 9575 JL', 'AGUS LISTIONO', '2023-01-09 23:20:38', '2023-01-09 23:20:38'),
(183, 27, 'B 9139 NU', 'DARTO', '2023-01-09 23:20:50', '2023-01-09 23:20:50'),
(184, 27, 'W 9519 UY', 'SUYONO 2', '2023-01-09 23:21:00', '2023-01-09 23:21:00'),
(185, 28, 'AG 8665 UB / AG 9968 UG', 'SODIK', '2023-01-09 23:32:07', '2023-01-09 23:32:07'),
(186, 28, 'AG 9947 UK/AG 9028 UP/AG 8210 UM', 'PAIDI', '2023-01-09 23:32:32', '2023-01-09 23:32:32'),
(187, 28, 'AG 8427 UF/AG 9836 UH/AG 9473 UG', 'NARNO', '2023-01-09 23:32:46', '2023-01-09 23:32:46'),
(188, 28, 'AG 8367 UF/AG 9827 UH/AG 9448 UG', 'SUKAR', '2023-01-09 23:32:57', '2023-01-09 23:32:57'),
(189, 28, 'AG 8366 UF/AG 9818 UHAG 9447 UG', 'ADI', '2023-01-09 23:33:13', '2023-01-09 23:33:13'),
(190, 28, 'AG 9239 UB /AG 9873 UA', 'HERI', '2023-01-09 23:33:25', '2023-01-09 23:33:25'),
(191, 28, 'AG 9266 UB/AG 9639 UH/AG 9117 UG', 'KASNAN', '2023-01-09 23:33:38', '2023-01-09 23:33:38'),
(192, 28, 'W 9268 UK/AG 9975 UA', 'AGUS', '2023-01-09 23:33:50', '2023-01-09 23:33:50'),
(193, 28, 'W 9087 UK/AG 9857 UA', 'PUJI', '2023-01-09 23:34:05', '2023-01-09 23:34:05'),
(194, 28, 'AG 8557 UB', 'MUSTOFA', '2023-01-09 23:34:16', '2023-01-09 23:34:16'),
(195, 28, 'AG 9950 UW/AG 9102 UV', 'PURWANTO', '2023-01-09 23:34:33', '2023-01-09 23:34:33'),
(196, 28, 'AG 9902 UV/ AG 9303 UV', 'PUJI P', '2023-01-09 23:37:26', '2023-01-09 23:37:26'),
(197, 28, 'AG 9290 UB/ AG 9879 UA', 'SUSANTO', '2023-01-09 23:37:40', '2023-01-09 23:37:40'),
(198, 28, 'AG 9530 UB/AG 8372 UB', 'BAGUS P', '2023-01-09 23:37:53', '2023-01-09 23:37:53'),
(199, 28, 'AG 9515 UB / AG 9862 UA', 'JAMARI', '2023-01-09 23:38:07', '2023-01-09 23:38:07'),
(200, 28, 'L 8904 UW', 'DADANG', '2023-01-09 23:38:18', '2023-01-09 23:38:18'),
(201, 29, 'W 9808 UM / 13505', 'SIGIT', '2023-01-09 23:38:44', '2023-01-09 23:38:44'),
(202, 29, 'W 9238 UL / B 13647', 'EKO JOKO', '2023-01-09 23:38:57', '2023-01-09 23:38:57'),
(203, 29, 'W 9237 UL / B 13611', 'ALI', '2023-01-09 23:39:09', '2023-01-09 23:39:09'),
(204, 29, 'W 9236 UL / B 13614', 'WAHYU', '2023-01-09 23:39:20', '2023-01-09 23:39:20'),
(205, 30, 'W 9195 UM / B 13253', 'DODIK', '2023-01-09 23:40:04', '2023-01-09 23:40:04'),
(206, 30, 'W 9185 UM / B 13249', 'YONO', '2023-01-09 23:40:15', '2023-01-09 23:40:15'),
(207, 30, 'W 9193 UM / B 13252', 'KATIMAN', '2023-01-09 23:40:26', '2023-01-09 23:40:26'),
(208, 30, 'W 9291 UM / B 13434', 'SOLIHIN', '2023-01-09 23:40:51', '2023-01-09 23:40:51'),
(209, 30, 'W 9298 UM / B 13413', 'GAGUK', '2023-01-09 23:41:07', '2023-01-09 23:41:07'),
(210, 30, 'W 9294 UM / B 13432', '-', '2023-01-09 23:41:20', '2023-01-09 23:41:20'),
(211, 30, 'W 9290 UM / B 13435', 'ROBERT', '2023-01-09 23:41:38', '2023-01-09 23:41:38'),
(212, 30, 'W 9812 UM / 13501', 'CANDRA', '2023-01-09 23:41:50', '2023-01-09 23:41:50'),
(213, 30, 'W 9809 UM / 13504', 'JUWARI', '2023-01-09 23:42:00', '2023-01-09 23:42:00'),
(214, 30, 'W 9301 UM / B 13411', 'SANDI', '2023-01-09 23:42:13', '2023-01-09 23:42:13'),
(215, 30, 'W 9239 UL / B 13646', 'HARYONO', '2023-01-09 23:42:25', '2023-01-09 23:42:25'),
(216, 30, 'W 9811 UM / 13503', 'HAKIM', '2023-01-09 23:42:53', '2023-01-09 23:42:53'),
(217, 30, 'W 9361 UK / B 13909', 'PURGIANTO', '2023-01-09 23:43:04', '2023-01-09 23:43:04'),
(218, 30, 'W 9358 UK / B 13910', 'DEWI', '2023-01-09 23:43:17', '2023-01-09 23:43:17'),
(219, 30, 'L 9003 UQ/ L 9116 UY', 'ADI', '2023-01-09 23:43:33', '2023-01-09 23:43:33'),
(220, 30, 'W 9190 UM / B 13245', 'WAWAN', '2023-01-09 23:43:47', '2023-01-09 23:43:47'),
(221, 30, 'L 9565 UY/L 9671 US', 'FAJAR', '2023-01-09 23:43:59', '2023-01-09 23:43:59'),
(222, 30, 'W 9186 UM / B 13250', 'SUGIONO', '2023-01-09 23:44:09', '2023-01-09 23:44:09'),
(223, 30, 'W 9188 UM / B 13246', 'DAVID', '2023-01-09 23:44:19', '2023-01-09 23:44:19'),
(224, 30, 'W 9296 UM / B 13430', 'HENDI', '2023-01-09 23:44:30', '2023-01-09 23:44:30'),
(225, 30, 'W 9350 UK / B 13912', 'RANGGA SEPTIAN PRATAMA', '2023-01-09 23:44:44', '2023-01-09 23:44:44'),
(226, 30, 'W 9349 UK / B 13911', 'SUKIRNO', '2023-01-09 23:45:01', '2023-01-09 23:45:01'),
(227, 30, 'W 9299 UM / B 13412', 'PRIYOKO', '2023-01-09 23:45:12', '2023-01-09 23:45:12'),
(228, 30, 'L 8111 UI / L 9206 UT', 'NURYANTO', '2023-01-09 23:45:23', '2023-01-09 23:45:23'),
(229, 30, 'L 9024 UQ/ L 8600 UX/L 9309 UQ', 'SAKUR', '2023-01-09 23:45:34', '2023-01-09 23:45:34'),
(230, 30, 'W 9130 UF', 'SLAMET', '2023-01-09 23:45:53', '2023-01-09 23:45:53'),
(231, 31, 'W 9194 UM / B 13248', 'RUDY', '2023-01-09 23:59:28', '2023-01-09 23:59:28'),
(232, 31, 'W 9184 UM / B 13251', 'CATUR', '2023-01-09 23:59:40', '2023-01-09 23:59:40'),
(233, 31, 'W 9240 UL / B 13612', 'NOVA', '2023-01-09 23:59:53', '2023-01-09 23:59:53'),
(234, 31, 'W 9192 UM / B 13244', 'ANTOK', '2023-01-10 00:00:04', '2023-01-10 00:00:04'),
(236, 31, 'L 8769 UU/ L 9882 UZ/ L 9284 UN', 'RIYANTO', '2023-01-10 00:00:20', '2023-01-10 00:00:20'),
(237, 31, 'W 9187 UM / B 13247', 'WINARDI', '2023-01-10 00:00:36', '2023-01-10 00:00:36'),
(238, 31, 'L 8944 UQ / L 9883 UY/L 9453 UN', 'P USMAN', '2023-01-10 00:00:50', '2023-01-10 00:00:50'),
(239, 31, 'W 9293 UM / B 13433', 'AGUS K.C', '2023-01-10 00:01:02', '2023-01-10 00:01:02'),
(240, 31, 'W 9295 UM / B 13431', 'HERMAN', '2023-01-10 00:01:17', '2023-01-10 00:01:17'),
(241, 31, 'W 9807 UM / 13506', 'HERU', '2023-01-10 00:01:29', '2023-01-10 00:01:29'),
(242, 31, 'L 8724 UU/ L 9883 UZ/ L 9285 UN', 'ADI SUSANTO', '2023-01-10 00:01:44', '2023-01-10 00:01:44'),
(243, 32, 'W 9302 UM / B 13436', 'SUNARTO', '2023-01-10 00:03:40', '2023-01-10 00:03:40'),
(244, 32, 'W 9359 UK / B 13913', 'KEMI', '2023-01-10 00:03:58', '2023-01-10 00:03:58'),
(245, 32, 'L 9522 UO/L 8856 UY /L 9074 UR', 'DAMAN', '2023-01-10 00:04:10', '2023-01-10 00:04:10'),
(246, 32, 'L 8865 UX / L 8600 UW/L 9308 UQ', 'SLAMET ADI SUCIPTO', '2023-01-10 00:04:21', '2023-01-10 00:04:21'),
(247, 32, 'L 9196 UU /L 9987 UU/ L 8667 UQ', 'ALI MAKSUM', '2023-01-10 00:04:34', '2023-01-10 00:04:34'),
(248, 32, 'L 9513 UO/ L8855 UU /L 9068 UR', 'SUWANTO', '2023-01-10 00:04:48', '2023-01-10 00:04:48'),
(249, 32, 'L 9655 UY/L 9666 US', 'SULIKAN', '2023-01-10 00:04:59', '2023-01-10 00:04:59'),
(250, 32, 'W 9902 UH', 'KEMAT', '2023-01-10 00:05:12', '2023-01-10 00:05:12'),
(251, 32, 'W 9131 UF', 'HUDA', '2023-01-10 00:05:26', '2023-01-10 00:05:26'),
(252, 32, 'AG 9787 UB / AG 8163 UA', 'HANDONO', '2023-01-10 00:05:37', '2023-01-10 00:05:37'),
(253, 32, 'L 9763 UY/ L8880 UU/L 8378 UC', '-', '2023-01-10 00:05:47', '2023-01-10 00:05:47'),
(255, 33, 'W 9128 UF', 'RUSLI', '2023-01-10 00:07:33', '2023-01-10 00:07:33'),
(256, 33, 'L 9749 UU / L 9564 US', '-', '2023-01-10 00:07:45', '2023-01-10 00:07:45'),
(257, 33, 'L 8213 UI', '-', '2023-01-10 00:07:55', '2023-01-10 00:07:55'),
(258, 33, 'L 9568 UY/L 9753 US', '-', '2023-01-10 00:08:04', '2023-01-10 00:08:04'),
(259, 34, 'W 9129 UF', '-', '2023-01-10 00:08:21', '2023-01-10 00:08:21'),
(260, 35, 'AG 8414 UF / AG 9832 UH / AG 9459 UG', 'RIYANTO', '2023-01-10 00:08:44', '2023-01-10 00:08:44'),
(261, 35, 'W 9619 UG/L 9130 VZ/ L 8031 RS', 'Agus', '2023-01-10 00:08:59', '2023-01-10 00:08:59'),
(262, 35, 'W 9282 UG / L 8517 LN / L 8063 R', 'Budi', '2023-01-10 00:09:11', '2023-01-10 00:09:11'),
(263, 35, 'W 9749 UG', 'Anang', '2023-01-10 00:09:28', '2023-01-10 00:09:28'),
(264, 35, 'W 9331 UL', 'Anggi', '2023-01-10 00:09:40', '2023-01-10 00:09:40'),
(265, 35, 'W 9620 UG/L 8556 VE/ L 8107 PF', 'Sukma', '2023-01-10 00:09:51', '2023-01-10 00:09:51'),
(266, 35, 'L 9708 EF / L 9258 VC', 'Heru', '2023-01-10 00:10:02', '2023-01-10 00:10:02'),
(267, 35, 'W 9489 UG', 'Barata', '2023-01-10 00:10:12', '2023-01-10 00:10:12'),
(268, 35, 'W 9141 UL / L 9995 VV', 'M irfan', '2023-01-10 00:10:23', '2023-01-10 00:10:23'),
(269, 35, 'W 9881 UM / L 9996 VV', 'Zucief', '2023-01-10 00:10:37', '2023-01-10 00:10:37'),
(270, 35, 'W 9883 UM / L 9997 VV', 'Suyudi', '2023-01-10 00:10:48', '2023-01-10 00:10:48'),
(271, 35, 'W 9880 UL / L 9998 VV', 'Aris', '2023-01-10 00:11:01', '2023-01-10 00:11:01'),
(272, 35, 'W 9337 UL / L 8024 VC', 'Eko', '2023-01-10 00:11:14', '2023-01-10 00:11:14'),
(273, 35, 'W 9332 UL / L 8060 VZ', 'Zaenuri', '2023-01-10 00:11:25', '2023-01-10 00:11:25'),
(274, 35, 'W 9140 UM / L 8435 VC', 'Hariono', '2023-01-10 00:11:40', '2023-01-10 00:11:40'),
(275, 35, 'W 9142 UL / L 8079 WI', 'Sabar', '2023-01-10 00:11:52', '2023-01-10 00:11:52'),
(276, 35, 'W 9246 UL/L 9233 VZ', 'Sahur', '2023-01-10 00:12:05', '2023-01-10 00:12:05'),
(277, 36, 'AG 9240 UB / AG 9875 UA', 'SLAMET', '2023-01-10 00:12:57', '2023-01-10 00:12:57'),
(278, 36, 'AG 9590 UB / AG 9766 UA', 'SUNARYO', '2023-01-10 00:13:09', '2023-01-10 00:13:09'),
(279, 36, 'AG 8023 UF / AG 8734 UE / AG 9232 UD', 'SAMSU', '2023-01-10 00:13:23', '2023-01-10 00:13:23'),
(280, 36, 'AG 9951 UE / AG 9641 UH / AG 9122 UG', 'Riyanto', '2023-01-10 00:13:33', '2023-01-10 00:13:33'),
(281, 36, 'AG  9924 UE / AG 9617 UH / AG 9118 UG', 'TOHIN', '2023-01-10 00:13:43', '2023-01-10 00:13:43'),
(282, 36, 'L 8862 UD / L 8300 UZ / AG 9123 UG', 'GALIH', '2023-01-10 00:13:55', '2023-01-10 00:13:55'),
(283, 36, 'L 9737 US / L 8691 UQ', 'WAWAN', '2023-01-10 00:14:06', '2023-01-10 00:14:06'),
(284, 36, 'AG 9275 UB / AG 9878 UA', 'MALIK', '2023-01-10 00:14:16', '2023-01-10 00:14:16'),
(285, 36, 'AG 9538 UB / AG 8002 UA / AG 9526 UG', 'BUDI', '2023-01-10 00:14:29', '2023-01-10 00:14:29'),
(286, 36, 'AG 8164 UK', 'MUSNADI', '2023-01-10 00:14:39', '2023-01-10 00:14:39'),
(287, 36, 'H 1485 LG', 'DAIM', '2023-01-10 00:14:51', '2023-01-10 00:14:51'),
(288, 36, 'H 1485 LG', 'DAIM', '2023-01-10 00:14:52', '2023-01-10 00:14:52'),
(289, 36, 'W 9226 UF / B 9146 JP', 'Heri', '2023-01-10 00:15:04', '2023-01-10 00:15:04'),
(290, 36, 'L 9805 UX / L 9923 UX', 'JUMAIN', '2023-01-10 00:15:18', '2023-01-10 00:15:18'),
(291, 36, 'B 9265 SYK', 'FATKUN', '2023-01-10 00:15:29', '2023-01-10 00:15:29'),
(292, 36, 'W 9665 UH/L 8584 UF', '-', '2023-01-10 00:15:37', '2023-01-10 00:15:37'),
(293, 37, 'W 8439 UA / B 9093 AJ', '-', '2023-01-10 00:16:20', '2023-01-10 00:16:20'),
(294, 37, 'W 8437 UA / B 9939 QJ', '-', '2023-01-10 00:16:27', '2023-01-10 00:16:27'),
(295, 37, 'W 9084 UG / W 9758 J', '-', '2023-01-10 00:16:35', '2023-01-10 00:16:35'),
(296, 37, 'W 8440 UA / B 9100 AJ', '-', '2023-01-10 00:16:43', '2023-01-10 00:16:43'),
(297, 37, 'W 8206 UA/ B 9266 SYK', '-', '2023-01-10 00:16:51', '2023-01-10 00:16:51'),
(298, 37, 'B 9098 AJ', '-', '2023-01-10 00:17:00', '2023-01-10 00:17:00'),
(299, 37, 'W 9083 UG', '-', '2023-01-10 00:17:07', '2023-01-10 00:17:07'),
(300, 37, 'L 8225 UI / L 9792 UN', '-', '2023-01-10 00:17:16', '2023-01-10 00:17:16'),
(301, 37, 'L 9099 UW / L 9717 UT', '-', '2023-01-10 00:17:25', '2023-01-10 00:17:25'),
(302, 37, 'L 8590 UI / L 9221 UT', '-', '2023-01-10 00:17:35', '2023-01-10 00:17:35'),
(303, 37, 'L 9185 / L 8500 UZ/L 9312 UG', '-', '2023-01-10 00:17:43', '2023-01-10 00:17:43'),
(304, 38, 'L9904 UW/L 9560 US', '-', '2023-01-10 00:18:18', '2023-01-10 00:18:18'),
(305, 38, 'L 9286 UY/L 9668 US', '-', '2023-01-10 00:18:23', '2023-01-10 00:18:23'),
(306, 39, 'L 8065 UZ / L 8847 UW', 'JARI', '2023-01-10 00:19:00', '2023-01-10 00:19:00'),
(307, 39, 'L 9982 UW / L 8332 UV', 'MUHAMMAD', '2023-01-10 00:19:11', '2023-01-10 00:19:11'),
(308, 39, 'B 9945 JJ', 'SHOLEH', '2023-01-10 00:19:22', '2023-01-10 00:19:22'),
(309, 39, 'L 9331 UW /L 8013 UX / L 8616 UQ', 'JITO', '2023-01-10 00:19:37', '2023-01-10 00:19:37'),
(310, 39, 'L 8520 UI', 'IMAM E', '2023-01-10 00:19:49', '2023-01-10 00:19:49'),
(311, 39, 'L 9798 UW/L 9749 US', 'SUWARNO', '2023-01-10 00:20:05', '2023-01-10 00:20:05'),
(312, 39, 'L 9085 UQ/L 8500 UW/L 9310 UG', 'SAMSURI', '2023-01-10 00:20:16', '2023-01-10 00:20:16'),
(313, 39, 'L 8684 UF', 'EKO', '2023-01-10 00:20:27', '2023-01-10 00:20:27'),
(314, 40, 'L 8547 UQ/L 8629 UZ', 'SUKARDI', '2023-01-10 00:20:47', '2023-01-10 00:20:47'),
(315, 41, 'L 9449 UZ / L 9747 UT', '-', '2023-01-10 00:21:51', '2023-01-10 00:21:51'),
(316, 41, 'L 8980 UI/ L 9024 UU / L 9266 UN', '-', '2023-01-10 00:22:02', '2023-01-10 00:22:02'),
(317, 41, 'L 9327 UH/ L 9070 UU / L 9267 UN', '-', '2023-01-10 00:22:11', '2023-01-10 00:22:11'),
(318, 41, 'L 9653 UY/L 9664 US', '-', '2023-01-10 00:22:21', '2023-01-10 00:22:21'),
(319, 41, 'L 9560 UY/L 9667 US', '-', '2023-01-10 00:22:28', '2023-01-10 00:22:28'),
(320, 41, 'L 9724 UX/L 9911 UT', '-', '2023-01-10 00:22:36', '2023-01-10 00:22:36'),
(321, 41, 'L 8155 UI / L 9204 UT', '-', '2023-01-10 00:22:45', '2023-01-10 00:22:45'),
(322, 41, 'L 8595 UZ / L 9756 UT', '-', '2023-01-10 00:22:54', '2023-01-10 00:22:54'),
(323, 41, 'L 8153 UI / L 9045 UT', '-', '2023-01-10 00:23:02', '2023-01-10 00:23:02'),
(324, 41, 'L 8445 UI/L 9222 UT', '-', '2023-01-10 00:23:09', '2023-01-10 00:23:09'),
(325, 42, 'W 8663 UA / LOHAN J 5001462 ( HIJAU MUDA ) 1', 'SOLIKIN', '2023-01-10 00:23:30', '2023-01-10 00:23:30'),
(326, 42, 'W 8664 UA / LOHAN J 5001459 ( HIJAU MUDA ) 2', 'SU\'AMIN', '2023-01-10 00:23:42', '2023-01-10 00:23:42'),
(327, 43, 'W 9007 UG', 'RIZAL', '2023-01-10 00:24:04', '2023-01-10 00:24:04'),
(328, 43, 'W 9008 UG', 'BAGUS P', '2023-01-10 00:24:13', '2023-01-10 00:24:20'),
(329, 43, 'W 9240 UJ / 5007837', 'AGUS K', '2023-01-10 00:24:31', '2023-01-10 00:24:31'),
(330, 43, 'W 9239 UJ / 5007838', 'ARIFIN', '2023-01-10 00:24:42', '2023-01-10 00:24:42'),
(331, 44, 'W 9272 UG', 'JUMALI', '2023-01-10 00:25:15', '2023-01-10 00:25:15'),
(332, 44, 'W 9273 UG', 'MUJIANTO', '2023-01-10 00:25:26', '2023-01-10 00:25:26');

-- --------------------------------------------------------

--
-- Table structure for table `absen_kendaraan_detail`
--

CREATE TABLE `absen_kendaraan_detail` (
  `id` bigint(20) UNSIGNED NOT NULL,
  `id_absen_kendaraan` bigint(20) NOT NULL,
  `id_absen_kendaraan_keterangan` bigint(20) NOT NULL,
  `nm_keterangan` varchar(255) COLLATE utf8mb4_unicode_ci DEFAULT NULL,
  `alasan` text COLLATE utf8mb4_unicode_ci DEFAULT NULL,
  `warna_symbol` varchar(100) COLLATE utf8mb4_unicode_ci DEFAULT NULL,
  `nilai` int(11) DEFAULT NULL,
  `tanggal_absen` date DEFAULT NULL,
  `created_at` timestamp NULL DEFAULT NULL,
  `updated_at` timestamp NULL DEFAULT NULL
) ENGINE=InnoDB DEFAULT CHARSET=utf8mb4 COLLATE=utf8mb4_unicode_ci;

-- --------------------------------------------------------

--
-- Table structure for table `absen_kendaraan_keterangan`
--

CREATE TABLE `absen_kendaraan_keterangan` (
  `id` bigint(20) UNSIGNED NOT NULL,
  `id_absen_kendaraan` bigint(20) NOT NULL,
  `nm_keterangan` varchar(255) COLLATE utf8mb4_unicode_ci NOT NULL,
  `seq` tinyint(4) NOT NULL,
  `created_at` timestamp NULL DEFAULT NULL,
  `updated_at` timestamp NULL DEFAULT NULL
) ENGINE=InnoDB DEFAULT CHARSET=utf8mb4 COLLATE=utf8mb4_unicode_ci;

--
-- Dumping data for table `absen_kendaraan_keterangan`
--

INSERT INTO `absen_kendaraan_keterangan` (`id`, `id_absen_kendaraan`, `nm_keterangan`, `seq`, `created_at`, `updated_at`) VALUES
(1, 1, 'MT', 1, '2022-09-22 07:30:51', '2022-09-22 07:30:59'),
(2, 1, 'Sangu', 2, '2022-09-22 07:32:25', '2022-09-22 07:32:28'),
(3, 1, 'GPS', 3, '2022-09-22 07:32:31', '2022-09-22 07:32:35'),
(4, 2, 'MT', 1, '2022-09-22 07:33:01', '2022-09-22 07:33:05'),
(5, 2, 'Sangu', 2, '2022-09-22 07:33:08', '2022-09-22 07:33:12'),
(6, 2, 'GPS', 3, '2022-09-22 07:33:19', '2022-09-22 07:33:23'),
(10, 4, 'MT', 1, '2022-09-25 06:56:10', '2022-09-25 06:56:10'),
(11, 4, 'Sangu', 2, '2022-09-25 06:56:10', '2022-09-25 06:56:10'),
(12, 4, 'GPS', 3, '2022-09-25 06:56:10', '2022-09-25 06:56:10'),
(13, 5, 'MT', 1, '2022-09-25 06:59:36', '2022-09-25 06:59:36'),
(14, 5, 'Sangu', 2, '2022-09-25 06:59:36', '2022-09-25 06:59:36'),
(15, 5, 'GPS', 3, '2022-09-25 06:59:36', '2022-09-25 06:59:36'),
(16, 6, 'MT', 1, '2022-09-25 07:03:18', '2022-09-25 07:03:18'),
(17, 6, 'Sangu', 2, '2022-09-25 07:03:18', '2022-09-25 07:03:18'),
(18, 6, 'GPS', 3, '2022-09-25 07:03:18', '2022-09-25 07:03:18'),
(19, 7, 'MT', 1, '2022-09-25 07:04:40', '2022-09-25 07:04:40'),
(20, 7, 'Sangu', 2, '2022-09-25 07:04:40', '2022-09-25 07:04:40'),
(21, 7, 'GPS', 3, '2022-09-25 07:04:40', '2022-09-25 07:04:40'),
(22, 8, 'MT', 1, '2022-10-01 06:33:35', '2022-10-01 06:33:35'),
(23, 8, 'Sangu', 2, '2022-10-01 06:33:35', '2022-10-01 06:33:35'),
(24, 8, 'GPS', 3, '2022-10-01 06:33:35', '2022-10-01 06:33:35'),
(25, 11, 'MT', 1, '2022-10-09 06:34:12', '2022-10-09 06:34:12'),
(26, 11, 'Sangu', 2, '2022-10-09 06:34:12', '2022-10-09 06:34:12'),
(27, 11, 'GPS', 3, '2022-10-09 06:34:12', '2022-10-09 06:34:12'),
(28, 12, 'MT', 1, '2022-10-09 07:53:51', '2022-10-09 07:53:51'),
(29, 12, 'Sangu', 2, '2022-10-09 07:53:51', '2022-10-09 07:53:51'),
(30, 12, 'GPS', 3, '2022-10-09 07:53:51', '2022-10-09 07:53:51'),
(31, 12, 'GPS', 4, '2022-10-09 07:53:51', '2022-10-09 07:53:51'),
(32, 13, 'MT', 1, '2022-11-20 10:20:19', '2022-11-20 10:20:19'),
(33, 13, 'Sangu', 2, '2022-11-20 10:20:19', '2022-11-20 10:20:19'),
(34, 13, 'GPS', 3, '2022-11-20 10:20:19', '2022-11-20 10:20:19'),
(35, 13, 'GPS', 4, '2022-11-20 10:20:19', '2022-11-20 10:20:19'),
(36, 14, 'MT', 1, '2022-11-20 10:22:17', '2022-11-20 10:22:17'),
(37, 14, 'Sangu', 2, '2022-11-20 10:22:17', '2022-11-20 10:22:17'),
(38, 14, 'GPS', 3, '2022-11-20 10:22:17', '2022-11-20 10:22:17'),
(39, 15, 'MT', 1, '2023-01-06 21:36:52', '2023-01-06 21:36:52'),
(40, 15, 'Sangu', 2, '2023-01-06 21:36:52', '2023-01-06 21:36:52'),
(41, 15, 'GPS', 3, '2023-01-06 21:36:52', '2023-01-06 21:36:52'),
(42, 16, 'MT', 1, '2023-01-06 21:37:08', '2023-01-06 21:37:08'),
(43, 16, 'Sangu', 2, '2023-01-06 21:37:08', '2023-01-06 21:37:08'),
(44, 16, 'GPS', 3, '2023-01-06 21:37:08', '2023-01-06 21:37:08'),
(45, 17, 'MT', 1, '2023-01-06 21:37:23', '2023-01-06 21:37:23'),
(46, 17, 'Sangu', 2, '2023-01-06 21:37:23', '2023-01-06 21:37:23'),
(47, 17, 'GPS', 3, '2023-01-06 21:37:23', '2023-01-06 21:37:23'),
(48, 18, 'MT', 1, '2023-01-06 21:37:34', '2023-01-06 21:37:34'),
(49, 18, 'Sangu', 2, '2023-01-06 21:37:34', '2023-01-06 21:37:34'),
(50, 18, 'GPS', 3, '2023-01-06 21:37:34', '2023-01-06 21:37:34'),
(51, 19, 'MT', 1, '2023-01-06 21:45:37', '2023-01-06 21:45:37'),
(52, 19, 'Sangu', 2, '2023-01-06 21:45:37', '2023-01-06 21:45:37'),
(53, 19, 'GPS', 3, '2023-01-06 21:45:37', '2023-01-06 21:45:37'),
(54, 20, 'MT', 1, '2023-01-06 21:47:44', '2023-01-06 21:47:44'),
(55, 20, 'Sangu', 2, '2023-01-06 21:47:44', '2023-01-06 21:47:44'),
(56, 20, 'GPS', 3, '2023-01-06 21:47:44', '2023-01-06 21:47:44'),
(57, 21, 'MT', 1, '2023-01-06 21:47:59', '2023-01-06 21:47:59'),
(58, 21, 'Sangu', 2, '2023-01-06 21:47:59', '2023-01-06 21:47:59'),
(59, 21, 'GPS', 3, '2023-01-06 21:47:59', '2023-01-06 21:47:59'),
(60, 22, 'MT', 1, '2023-01-06 21:48:14', '2023-01-06 21:48:14'),
(61, 22, 'Sangu', 2, '2023-01-06 21:48:14', '2023-01-06 21:48:14'),
(62, 22, 'GPS', 3, '2023-01-06 21:48:14', '2023-01-06 21:48:14'),
(63, 23, 'MT', 1, '2023-01-06 21:48:36', '2023-01-06 21:48:36'),
(64, 23, 'Sangu', 2, '2023-01-06 21:48:36', '2023-01-06 21:48:36'),
(65, 23, 'GPS', 3, '2023-01-06 21:48:36', '2023-01-06 21:48:36'),
(66, 24, 'MT', 1, '2023-01-06 21:50:42', '2023-01-06 21:50:42'),
(67, 24, 'Sangu', 2, '2023-01-06 21:50:42', '2023-01-06 21:50:42'),
(68, 24, 'GPS', 3, '2023-01-06 21:50:42', '2023-01-06 21:50:42'),
(69, 25, 'MT', 1, '2023-01-06 21:50:56', '2023-01-06 21:50:56'),
(70, 25, 'Sangu', 2, '2023-01-06 21:50:56', '2023-01-06 21:50:56'),
(71, 25, 'GPS', 3, '2023-01-06 21:50:56', '2023-01-06 21:50:56'),
(72, 26, 'MT', 1, '2023-01-06 21:52:38', '2023-01-06 21:52:38'),
(73, 26, 'Sangu', 2, '2023-01-06 21:52:38', '2023-01-06 21:52:38'),
(74, 26, 'GPS', 3, '2023-01-06 21:52:38', '2023-01-06 21:52:38'),
(75, 27, 'MT', 1, '2023-01-06 21:53:00', '2023-01-06 21:53:00'),
(76, 27, 'Sangu', 2, '2023-01-06 21:53:00', '2023-01-06 21:53:00'),
(77, 27, 'GPS', 3, '2023-01-06 21:53:00', '2023-01-06 21:53:00'),
(78, 28, 'MT', 1, '2023-01-06 21:53:13', '2023-01-06 21:53:13'),
(79, 28, 'Sangu', 2, '2023-01-06 21:53:13', '2023-01-06 21:53:13'),
(80, 28, 'GPS', 3, '2023-01-06 21:53:13', '2023-01-06 21:53:13'),
(81, 29, 'MT', 1, '2023-01-06 21:53:24', '2023-01-06 21:53:24'),
(82, 29, 'Sangu', 2, '2023-01-06 21:53:24', '2023-01-06 21:53:24'),
(83, 29, 'GPS', 3, '2023-01-06 21:53:24', '2023-01-06 21:53:24'),
(84, 30, 'MT', 1, '2023-01-06 21:53:45', '2023-01-06 21:53:45'),
(85, 30, 'Sangu', 2, '2023-01-06 21:53:45', '2023-01-06 21:53:45'),
(86, 30, 'GPS', 3, '2023-01-06 21:53:45', '2023-01-06 21:53:45'),
(87, 31, 'MT', 1, '2023-01-06 21:54:06', '2023-01-06 21:54:06'),
(88, 31, 'Sangu', 2, '2023-01-06 21:54:06', '2023-01-06 21:54:06'),
(89, 31, 'GPS', 3, '2023-01-06 21:54:06', '2023-01-06 21:54:06'),
(90, 32, 'MT', 1, '2023-01-06 21:54:21', '2023-01-06 21:54:21'),
(91, 32, 'Sangu', 2, '2023-01-06 21:54:21', '2023-01-06 21:54:21'),
(92, 32, 'GPS', 3, '2023-01-06 21:54:21', '2023-01-06 21:54:21'),
(93, 33, 'MT', 1, '2023-01-06 21:54:38', '2023-01-06 21:54:38'),
(94, 33, 'Sangu', 2, '2023-01-06 21:54:38', '2023-01-06 21:54:38'),
(95, 33, 'GPS', 3, '2023-01-06 21:54:38', '2023-01-06 21:54:38'),
(96, 34, 'MT', 1, '2023-01-06 21:54:51', '2023-01-06 21:54:51'),
(97, 34, 'Sangu', 2, '2023-01-06 21:54:51', '2023-01-06 21:54:51'),
(98, 34, 'GPS', 3, '2023-01-06 21:54:51', '2023-01-06 21:54:51'),
(99, 35, 'MT', 1, '2023-01-06 21:55:05', '2023-01-06 21:55:05'),
(100, 35, 'Sangu', 2, '2023-01-06 21:55:05', '2023-01-06 21:55:05'),
(101, 35, 'GPS', 3, '2023-01-06 21:55:05', '2023-01-06 21:55:05'),
(102, 36, 'MT', 1, '2023-01-06 21:55:35', '2023-01-06 21:55:35'),
(103, 36, 'Sangu', 2, '2023-01-06 21:55:35', '2023-01-06 21:55:35'),
(104, 36, 'GPS', 3, '2023-01-06 21:55:35', '2023-01-06 21:55:35'),
(105, 37, 'MT', 1, '2023-01-06 21:55:54', '2023-01-06 21:55:54'),
(106, 37, 'Sangu', 2, '2023-01-06 21:55:54', '2023-01-06 21:55:54'),
(107, 37, 'GPS', 3, '2023-01-06 21:55:54', '2023-01-06 21:55:54'),
(108, 38, 'MT', 1, '2023-01-06 21:56:11', '2023-01-06 21:56:11'),
(109, 38, 'Sangu', 2, '2023-01-06 21:56:11', '2023-01-06 21:56:11'),
(110, 38, 'GPS', 3, '2023-01-06 21:56:11', '2023-01-06 21:56:11'),
(111, 39, 'MT', 1, '2023-01-06 21:56:23', '2023-01-06 21:56:23'),
(112, 39, 'Sangu', 2, '2023-01-06 21:56:23', '2023-01-06 21:56:23'),
(113, 39, 'GPS', 3, '2023-01-06 21:56:23', '2023-01-06 21:56:23'),
(114, 40, 'MT', 1, '2023-01-06 21:56:38', '2023-01-06 21:56:38'),
(115, 40, 'Sangu', 2, '2023-01-06 21:56:38', '2023-01-06 21:56:38'),
(116, 40, 'GPS', 3, '2023-01-06 21:56:38', '2023-01-06 21:56:38'),
(117, 41, 'MT', 1, '2023-01-06 21:56:52', '2023-01-06 21:56:52'),
(118, 41, 'Sangu', 2, '2023-01-06 21:56:52', '2023-01-06 21:56:52'),
(119, 41, 'GPS', 3, '2023-01-06 21:56:52', '2023-01-06 21:56:52'),
(120, 42, 'MT', 1, '2023-01-06 22:23:49', '2023-01-06 22:23:49'),
(121, 42, 'Sangu', 2, '2023-01-06 22:23:49', '2023-01-06 22:23:49'),
(122, 42, 'GPS', 3, '2023-01-06 22:23:49', '2023-01-06 22:23:49'),
(123, 43, 'MT', 1, '2023-01-06 22:24:02', '2023-01-06 22:24:02'),
(124, 43, 'Sangu', 2, '2023-01-06 22:24:02', '2023-01-06 22:24:02'),
(125, 43, 'GPS', 3, '2023-01-06 22:24:02', '2023-01-06 22:24:02'),
(126, 44, 'MT', 1, '2023-01-06 22:25:41', '2023-01-06 22:25:41'),
(127, 44, 'Sangu', 2, '2023-01-06 22:25:41', '2023-01-06 22:25:41'),
(128, 44, 'GPS', 3, '2023-01-06 22:25:41', '2023-01-06 22:25:41'),
(129, 45, 'MT', 1, '2023-01-06 22:25:53', '2023-01-06 22:25:53'),
(130, 45, 'Sangu', 2, '2023-01-06 22:25:53', '2023-01-06 22:25:53'),
(131, 45, 'GPS', 3, '2023-01-06 22:25:53', '2023-01-06 22:25:53'),
(132, 46, 'MT', 1, '2023-01-06 22:26:04', '2023-01-06 22:26:04'),
(133, 46, 'Sangu', 2, '2023-01-06 22:26:04', '2023-01-06 22:26:04'),
(134, 46, 'GPS', 3, '2023-01-06 22:26:04', '2023-01-06 22:26:04'),
(135, 47, 'MT', 1, '2023-01-06 22:26:22', '2023-01-06 22:26:22'),
(136, 47, 'Sangu', 2, '2023-01-06 22:26:22', '2023-01-06 22:26:22'),
(137, 47, 'GPS', 3, '2023-01-06 22:26:22', '2023-01-06 22:26:22'),
(138, 48, 'MT', 1, '2023-01-06 22:26:34', '2023-01-06 22:26:34'),
(139, 48, 'Sangu', 2, '2023-01-06 22:26:34', '2023-01-06 22:26:34'),
(140, 48, 'GPS', 3, '2023-01-06 22:26:34', '2023-01-06 22:26:34'),
(141, 49, 'MT', 1, '2023-01-06 22:26:41', '2023-01-06 22:26:41'),
(142, 49, 'Sangu', 2, '2023-01-06 22:26:41', '2023-01-06 22:26:41'),
(143, 49, 'GPS', 3, '2023-01-06 22:26:41', '2023-01-06 22:26:41'),
(144, 50, 'MT', 1, '2023-01-06 22:26:58', '2023-01-06 22:26:58'),
(145, 50, 'Sangu', 2, '2023-01-06 22:26:58', '2023-01-06 22:26:58'),
(146, 50, 'GPS', 3, '2023-01-06 22:26:58', '2023-01-06 22:26:58'),
(147, 51, 'MT', 1, '2023-01-06 22:27:16', '2023-01-06 22:27:16'),
(148, 51, 'Sangu', 2, '2023-01-06 22:27:16', '2023-01-06 22:27:16'),
(149, 51, 'GPS', 3, '2023-01-06 22:27:16', '2023-01-06 22:27:16'),
(150, 52, 'MT', 1, '2023-01-06 22:28:26', '2023-01-06 22:28:26'),
(151, 52, 'Sangu', 2, '2023-01-06 22:28:26', '2023-01-06 22:28:26'),
(152, 52, 'GPS', 3, '2023-01-06 22:28:26', '2023-01-06 22:28:26'),
(153, 53, 'MT', 1, '2023-01-06 22:28:40', '2023-01-06 22:28:40'),
(154, 53, 'Sangu', 2, '2023-01-06 22:28:40', '2023-01-06 22:28:40'),
(155, 53, 'GPS', 3, '2023-01-06 22:28:40', '2023-01-06 22:28:40'),
(156, 54, 'MT', 1, '2023-01-06 22:28:48', '2023-01-06 22:28:48'),
(157, 54, 'Sangu', 2, '2023-01-06 22:28:48', '2023-01-06 22:28:48'),
(158, 54, 'GPS', 3, '2023-01-06 22:28:48', '2023-01-06 22:28:48'),
(159, 55, 'MT', 1, '2023-01-06 22:28:59', '2023-01-06 22:28:59'),
(160, 55, 'Sangu', 2, '2023-01-06 22:28:59', '2023-01-06 22:28:59'),
(161, 55, 'GPS', 3, '2023-01-06 22:28:59', '2023-01-06 22:28:59'),
(162, 56, 'MT', 1, '2023-01-06 22:29:12', '2023-01-06 22:29:12'),
(163, 56, 'Sangu', 2, '2023-01-06 22:29:12', '2023-01-06 22:29:12'),
(164, 56, 'GPS', 3, '2023-01-06 22:29:12', '2023-01-06 22:29:12'),
(165, 57, 'MT', 1, '2023-01-06 22:30:13', '2023-01-06 22:30:13'),
(166, 57, 'Sangu', 2, '2023-01-06 22:30:13', '2023-01-06 22:30:13'),
(167, 57, 'GPS', 3, '2023-01-06 22:30:13', '2023-01-06 22:30:13'),
(168, 58, 'MT', 1, '2023-01-06 22:30:31', '2023-01-06 22:30:31'),
(169, 58, 'Sangu', 2, '2023-01-06 22:30:31', '2023-01-06 22:30:31'),
(170, 58, 'GPS', 3, '2023-01-06 22:30:31', '2023-01-06 22:30:31'),
(171, 59, 'MT', 1, '2023-01-06 22:30:43', '2023-01-06 22:30:43'),
(172, 59, 'Sangu', 2, '2023-01-06 22:30:43', '2023-01-06 22:30:43'),
(173, 59, 'GPS', 3, '2023-01-06 22:30:43', '2023-01-06 22:30:43'),
(174, 60, 'MT', 1, '2023-01-06 22:30:58', '2023-01-06 22:30:58'),
(175, 60, 'Sangu', 2, '2023-01-06 22:30:58', '2023-01-06 22:30:58'),
(176, 60, 'GPS', 3, '2023-01-06 22:30:58', '2023-01-06 22:30:58'),
(177, 61, 'MT', 1, '2023-01-06 22:31:22', '2023-01-06 22:31:22'),
(178, 61, 'Sangu', 2, '2023-01-06 22:31:22', '2023-01-06 22:31:22'),
(179, 61, 'GPS', 3, '2023-01-06 22:31:22', '2023-01-06 22:31:22'),
(180, 62, 'MT', 1, '2023-01-06 22:31:45', '2023-01-06 22:31:45'),
(181, 62, 'Sangu', 2, '2023-01-06 22:31:45', '2023-01-06 22:31:45'),
(182, 62, 'GPS', 3, '2023-01-06 22:31:45', '2023-01-06 22:31:45'),
(183, 63, 'MT', 1, '2023-01-06 22:32:09', '2023-01-06 22:32:09'),
(184, 63, 'Sangu', 2, '2023-01-06 22:32:09', '2023-01-06 22:32:09'),
(185, 63, 'GPS', 3, '2023-01-06 22:32:09', '2023-01-06 22:32:09'),
(186, 64, 'MT', 1, '2023-01-06 22:32:23', '2023-01-06 22:32:23'),
(187, 64, 'Sangu', 2, '2023-01-06 22:32:23', '2023-01-06 22:32:23'),
(188, 64, 'GPS', 3, '2023-01-06 22:32:23', '2023-01-06 22:32:23'),
(189, 65, 'MT', 1, '2023-01-06 22:32:38', '2023-01-06 22:32:38'),
(190, 65, 'Sangu', 2, '2023-01-06 22:32:38', '2023-01-06 22:32:38'),
(191, 65, 'GPS', 3, '2023-01-06 22:32:38', '2023-01-06 22:32:38'),
(192, 66, 'MT', 1, '2023-01-06 22:32:51', '2023-01-06 22:32:51'),
(193, 66, 'Sangu', 2, '2023-01-06 22:32:51', '2023-01-06 22:32:51'),
(194, 66, 'GPS', 3, '2023-01-06 22:32:51', '2023-01-06 22:32:51'),
(195, 67, 'MT', 1, '2023-01-06 22:33:03', '2023-01-06 22:33:03'),
(196, 67, 'Sangu', 2, '2023-01-06 22:33:03', '2023-01-06 22:33:03'),
(197, 67, 'GPS', 3, '2023-01-06 22:33:03', '2023-01-06 22:33:03'),
(198, 68, 'MT', 1, '2023-01-06 22:33:25', '2023-01-06 22:33:25'),
(199, 68, 'Sangu', 2, '2023-01-06 22:33:25', '2023-01-06 22:33:25'),
(200, 68, 'GPS', 3, '2023-01-06 22:33:25', '2023-01-06 22:33:25'),
(201, 69, 'MT', 1, '2023-01-06 22:33:39', '2023-01-06 22:33:39'),
(202, 69, 'Sangu', 2, '2023-01-06 22:33:39', '2023-01-06 22:33:39'),
(203, 69, 'GPS', 3, '2023-01-06 22:33:39', '2023-01-06 22:33:39'),
(204, 70, 'MT', 1, '2023-01-06 22:38:30', '2023-01-06 22:38:30'),
(205, 70, 'Sangu', 2, '2023-01-06 22:38:30', '2023-01-06 22:38:30'),
(206, 70, 'GPS', 3, '2023-01-06 22:38:30', '2023-01-06 22:38:30'),
(207, 71, 'MT', 1, '2023-01-06 22:38:44', '2023-01-06 22:38:44'),
(208, 71, 'Sangu', 2, '2023-01-06 22:38:44', '2023-01-06 22:38:44'),
(209, 71, 'GPS', 3, '2023-01-06 22:38:44', '2023-01-06 22:38:44'),
(210, 72, 'MT', 1, '2023-01-06 22:39:00', '2023-01-06 22:39:00'),
(211, 72, 'Sangu', 2, '2023-01-06 22:39:00', '2023-01-06 22:39:00'),
(212, 72, 'GPS', 3, '2023-01-06 22:39:00', '2023-01-06 22:39:00'),
(213, 73, 'MT', 1, '2023-01-06 22:39:12', '2023-01-06 22:39:12'),
(214, 73, 'Sangu', 2, '2023-01-06 22:39:12', '2023-01-06 22:39:12'),
(215, 73, 'GPS', 3, '2023-01-06 22:39:12', '2023-01-06 22:39:12'),
(216, 74, 'MT', 1, '2023-01-06 22:39:41', '2023-01-06 22:39:41'),
(217, 74, 'Sangu', 2, '2023-01-06 22:39:41', '2023-01-06 22:39:41'),
(218, 74, 'GPS', 3, '2023-01-06 22:39:41', '2023-01-06 22:39:41'),
(219, 75, 'MT', 1, '2023-01-06 22:39:57', '2023-01-06 22:39:57'),
(220, 75, 'Sangu', 2, '2023-01-06 22:39:57', '2023-01-06 22:39:57'),
(221, 75, 'GPS', 3, '2023-01-06 22:39:57', '2023-01-06 22:39:57'),
(222, 76, 'MT', 1, '2023-01-06 22:41:37', '2023-01-06 22:41:37'),
(223, 76, 'Sangu', 2, '2023-01-06 22:41:37', '2023-01-06 22:41:37'),
(224, 76, 'GPS', 3, '2023-01-06 22:41:37', '2023-01-06 22:41:37'),
(225, 77, 'MT', 1, '2023-01-06 22:41:47', '2023-01-06 22:41:47'),
(226, 77, 'Sangu', 2, '2023-01-06 22:41:47', '2023-01-06 22:41:47'),
(227, 77, 'GPS', 3, '2023-01-06 22:41:47', '2023-01-06 22:41:47'),
(228, 78, 'MT', 1, '2023-01-06 22:42:00', '2023-01-06 22:42:00'),
(229, 78, 'Sangu', 2, '2023-01-06 22:42:00', '2023-01-06 22:42:00'),
(230, 78, 'GPS', 3, '2023-01-06 22:42:00', '2023-01-06 22:42:00'),
(231, 79, 'MT', 1, '2023-01-06 22:42:35', '2023-01-06 22:42:35'),
(232, 79, 'Sangu', 2, '2023-01-06 22:42:35', '2023-01-06 22:42:35'),
(233, 79, 'GPS', 3, '2023-01-06 22:42:35', '2023-01-06 22:42:35'),
(234, 80, 'MT', 1, '2023-01-06 22:42:49', '2023-01-06 22:42:49'),
(235, 80, 'Sangu', 2, '2023-01-06 22:42:49', '2023-01-06 22:42:49'),
(236, 80, 'GPS', 3, '2023-01-06 22:42:49', '2023-01-06 22:42:49'),
(237, 81, 'MT', 1, '2023-01-06 22:44:59', '2023-01-06 22:44:59'),
(238, 81, 'Sangu', 2, '2023-01-06 22:44:59', '2023-01-06 22:44:59'),
(239, 81, 'GPS', 3, '2023-01-06 22:44:59', '2023-01-06 22:44:59'),
(240, 82, 'MT', 1, '2023-01-06 22:45:11', '2023-01-06 22:45:11'),
(241, 82, 'Sangu', 2, '2023-01-06 22:45:11', '2023-01-06 22:45:11'),
(242, 82, 'GPS', 3, '2023-01-06 22:45:11', '2023-01-06 22:45:11'),
(243, 83, 'MT', 1, '2023-01-06 22:45:23', '2023-01-06 22:45:23'),
(244, 83, 'Sangu', 2, '2023-01-06 22:45:23', '2023-01-06 22:45:23'),
(245, 83, 'GPS', 3, '2023-01-06 22:45:23', '2023-01-06 22:45:23'),
(246, 84, 'MT', 1, '2023-01-06 22:47:15', '2023-01-06 22:47:15'),
(247, 84, 'Sangu', 2, '2023-01-06 22:47:15', '2023-01-06 22:47:15'),
(248, 84, 'GPS', 3, '2023-01-06 22:47:15', '2023-01-06 22:47:15'),
(249, 85, 'MT', 1, '2023-01-06 22:47:28', '2023-01-06 22:47:28'),
(250, 85, 'Sangu', 2, '2023-01-06 22:47:28', '2023-01-06 22:47:28'),
(251, 85, 'GPS', 3, '2023-01-06 22:47:28', '2023-01-06 22:47:28'),
(252, 86, 'MT', 1, '2023-01-06 22:47:41', '2023-01-06 22:47:41'),
(253, 86, 'Sangu', 2, '2023-01-06 22:47:41', '2023-01-06 22:47:41'),
(254, 86, 'GPS', 3, '2023-01-06 22:47:41', '2023-01-06 22:47:41'),
(255, 87, 'MT', 1, '2023-01-06 22:47:55', '2023-01-06 22:47:55'),
(256, 87, 'Sangu', 2, '2023-01-06 22:47:55', '2023-01-06 22:47:55'),
(257, 87, 'GPS', 3, '2023-01-06 22:47:55', '2023-01-06 22:47:55'),
(258, 88, 'MT', 1, '2023-01-06 22:48:06', '2023-01-06 22:48:06'),
(259, 88, 'Sangu', 2, '2023-01-06 22:48:06', '2023-01-06 22:48:06'),
(260, 88, 'GPS', 3, '2023-01-06 22:48:06', '2023-01-06 22:48:06'),
(261, 89, 'MT', 1, '2023-01-06 22:50:58', '2023-01-06 22:50:58'),
(262, 89, 'Sangu', 2, '2023-01-06 22:50:58', '2023-01-06 22:50:58'),
(263, 89, 'GPS', 3, '2023-01-06 22:50:58', '2023-01-06 22:50:58'),
(264, 90, 'MT', 1, '2023-01-06 22:51:41', '2023-01-06 22:51:41'),
(265, 90, 'Sangu', 2, '2023-01-06 22:51:41', '2023-01-06 22:51:41'),
(266, 90, 'GPS', 3, '2023-01-06 22:51:41', '2023-01-06 22:51:41'),
(267, 91, 'MT', 1, '2023-01-06 22:51:54', '2023-01-06 22:51:54'),
(268, 91, 'Sangu', 2, '2023-01-06 22:51:54', '2023-01-06 22:51:54'),
(269, 91, 'GPS', 3, '2023-01-06 22:51:54', '2023-01-06 22:51:54'),
(270, 92, 'MT', 1, '2023-01-06 22:52:06', '2023-01-06 22:52:06'),
(271, 92, 'Sangu', 2, '2023-01-06 22:52:06', '2023-01-06 22:52:06'),
(272, 92, 'GPS', 3, '2023-01-06 22:52:06', '2023-01-06 22:52:06'),
(273, 93, 'MT', 1, '2023-01-06 22:52:19', '2023-01-06 22:52:19'),
(274, 93, 'Sangu', 2, '2023-01-06 22:52:19', '2023-01-06 22:52:19'),
(275, 93, 'GPS', 3, '2023-01-06 22:52:19', '2023-01-06 22:52:19'),
(276, 94, 'MT', 1, '2023-01-06 22:52:37', '2023-01-06 22:52:37'),
(277, 94, 'Sangu', 2, '2023-01-06 22:52:37', '2023-01-06 22:52:37'),
(278, 94, 'GPS', 3, '2023-01-06 22:52:37', '2023-01-06 22:52:37'),
(279, 95, 'MT', 1, '2023-01-06 22:59:51', '2023-01-06 22:59:51'),
(280, 95, 'Sangu', 2, '2023-01-06 22:59:51', '2023-01-06 22:59:51'),
(281, 95, 'GPS', 3, '2023-01-06 22:59:51', '2023-01-06 22:59:51'),
(282, 96, 'MT', 1, '2023-01-06 23:00:05', '2023-01-06 23:00:05'),
(283, 96, 'Sangu', 2, '2023-01-06 23:00:05', '2023-01-06 23:00:05'),
(284, 96, 'GPS', 3, '2023-01-06 23:00:05', '2023-01-06 23:00:05'),
(285, 97, 'MT', 1, '2023-01-06 23:00:14', '2023-01-06 23:00:14'),
(286, 97, 'Sangu', 2, '2023-01-06 23:00:14', '2023-01-06 23:00:14'),
(287, 97, 'GPS', 3, '2023-01-06 23:00:14', '2023-01-06 23:00:14'),
(288, 98, 'MT', 1, '2023-01-06 23:00:25', '2023-01-06 23:00:25'),
(289, 98, 'Sangu', 2, '2023-01-06 23:00:25', '2023-01-06 23:00:25'),
(290, 98, 'GPS', 3, '2023-01-06 23:00:25', '2023-01-06 23:00:25'),
(291, 99, 'MT', 1, '2023-01-06 23:00:39', '2023-01-06 23:00:39'),
(292, 99, 'Sangu', 2, '2023-01-06 23:00:39', '2023-01-06 23:00:39'),
(293, 99, 'GPS', 3, '2023-01-06 23:00:39', '2023-01-06 23:00:39'),
(294, 100, 'MT', 1, '2023-01-06 23:00:47', '2023-01-06 23:00:47'),
(295, 100, 'Sangu', 2, '2023-01-06 23:00:47', '2023-01-06 23:00:47'),
(296, 100, 'GPS', 3, '2023-01-06 23:00:47', '2023-01-06 23:00:47'),
(297, 101, 'MT', 1, '2023-01-06 23:00:56', '2023-01-06 23:00:56'),
(298, 101, 'Sangu', 2, '2023-01-06 23:00:56', '2023-01-06 23:00:56'),
(299, 101, 'GPS', 3, '2023-01-06 23:00:56', '2023-01-06 23:00:56'),
(300, 102, 'MT', 1, '2023-01-06 23:01:03', '2023-01-06 23:01:03'),
(301, 102, 'Sangu', 2, '2023-01-06 23:01:03', '2023-01-06 23:01:03'),
(302, 102, 'GPS', 3, '2023-01-06 23:01:03', '2023-01-06 23:01:03'),
(303, 103, 'MT', 1, '2023-01-06 23:01:12', '2023-01-06 23:01:12'),
(304, 103, 'Sangu', 2, '2023-01-06 23:01:12', '2023-01-06 23:01:12'),
(305, 103, 'GPS', 3, '2023-01-06 23:01:12', '2023-01-06 23:01:12'),
(306, 104, 'MT', 1, '2023-01-06 23:01:28', '2023-01-06 23:01:28'),
(307, 104, 'Sangu', 2, '2023-01-06 23:01:28', '2023-01-06 23:01:28'),
(308, 104, 'GPS', 3, '2023-01-06 23:01:28', '2023-01-06 23:01:28'),
(309, 105, 'MT', 1, '2023-01-06 23:01:40', '2023-01-06 23:01:40'),
(310, 105, 'Sangu', 2, '2023-01-06 23:01:40', '2023-01-06 23:01:40'),
(311, 105, 'GPS', 3, '2023-01-06 23:01:40', '2023-01-06 23:01:40'),
(312, 106, 'MT', 1, '2023-01-06 23:01:53', '2023-01-06 23:01:53'),
(313, 106, 'Sangu', 2, '2023-01-06 23:01:53', '2023-01-06 23:01:53'),
(314, 106, 'GPS', 3, '2023-01-06 23:01:53', '2023-01-06 23:01:53'),
(315, 107, 'MT', 1, '2023-01-06 23:02:05', '2023-01-06 23:02:05'),
(316, 107, 'Sangu', 2, '2023-01-06 23:02:05', '2023-01-06 23:02:05'),
(317, 107, 'GPS', 3, '2023-01-06 23:02:05', '2023-01-06 23:02:05'),
(318, 108, 'MT', 1, '2023-01-06 23:02:30', '2023-01-06 23:02:30'),
(319, 108, 'Sangu', 2, '2023-01-06 23:02:30', '2023-01-06 23:02:30'),
(320, 108, 'GPS', 3, '2023-01-06 23:02:30', '2023-01-06 23:02:30'),
(321, 109, 'MT', 1, '2023-01-06 23:02:45', '2023-01-06 23:02:45'),
(322, 109, 'Sangu', 2, '2023-01-06 23:02:45', '2023-01-06 23:02:45'),
(323, 109, 'GPS', 3, '2023-01-06 23:02:45', '2023-01-06 23:02:45'),
(324, 110, 'MT', 1, '2023-01-06 23:03:26', '2023-01-06 23:03:26'),
(325, 110, 'Sangu', 2, '2023-01-06 23:03:26', '2023-01-06 23:03:26'),
(326, 110, 'GPS', 3, '2023-01-06 23:03:26', '2023-01-06 23:03:26'),
(327, 111, 'MT', 1, '2023-01-06 23:03:40', '2023-01-06 23:03:40'),
(328, 111, 'Sangu', 2, '2023-01-06 23:03:40', '2023-01-06 23:03:40'),
(329, 111, 'GPS', 3, '2023-01-06 23:03:40', '2023-01-06 23:03:40'),
(330, 112, 'MT', 1, '2023-01-06 23:03:53', '2023-01-06 23:03:53'),
(331, 112, 'Sangu', 2, '2023-01-06 23:03:53', '2023-01-06 23:03:53'),
(332, 112, 'GPS', 3, '2023-01-06 23:03:53', '2023-01-06 23:03:53'),
(333, 113, 'MT', 1, '2023-01-06 23:04:16', '2023-01-06 23:04:16'),
(334, 113, 'Sangu', 2, '2023-01-06 23:04:16', '2023-01-06 23:04:16'),
(335, 113, 'GPS', 3, '2023-01-06 23:04:16', '2023-01-06 23:04:16'),
(336, 114, 'MT', 1, '2023-01-06 23:04:36', '2023-01-06 23:04:36'),
(337, 114, 'Sangu', 2, '2023-01-06 23:04:36', '2023-01-06 23:04:36'),
(338, 114, 'GPS', 3, '2023-01-06 23:04:36', '2023-01-06 23:04:36'),
(339, 115, 'MT', 1, '2023-01-06 23:04:45', '2023-01-06 23:04:45'),
(340, 115, 'Sangu', 2, '2023-01-06 23:04:45', '2023-01-06 23:04:45'),
(341, 115, 'GPS', 3, '2023-01-06 23:04:45', '2023-01-06 23:04:45'),
(342, 116, 'MT', 1, '2023-01-06 23:04:55', '2023-01-06 23:04:55'),
(343, 116, 'Sangu', 2, '2023-01-06 23:04:55', '2023-01-06 23:04:55'),
(344, 116, 'GPS', 3, '2023-01-06 23:04:55', '2023-01-06 23:04:55'),
(345, 117, 'MT', 1, '2023-01-06 23:05:03', '2023-01-06 23:05:03'),
(346, 117, 'Sangu', 2, '2023-01-06 23:05:03', '2023-01-06 23:05:03'),
(347, 117, 'GPS', 3, '2023-01-06 23:05:03', '2023-01-06 23:05:03'),
(348, 118, 'MT', 1, '2023-01-06 23:05:12', '2023-01-06 23:05:12'),
(349, 118, 'Sangu', 2, '2023-01-06 23:05:12', '2023-01-06 23:05:12'),
(350, 118, 'GPS', 3, '2023-01-06 23:05:12', '2023-01-06 23:05:12'),
(351, 119, 'MT', 1, '2023-01-06 23:05:59', '2023-01-06 23:05:59'),
(352, 119, 'Sangu', 2, '2023-01-06 23:05:59', '2023-01-06 23:05:59'),
(353, 119, 'GPS', 3, '2023-01-06 23:05:59', '2023-01-06 23:05:59'),
(354, 120, 'MT', 1, '2023-01-06 23:06:14', '2023-01-06 23:06:14'),
(355, 120, 'Sangu', 2, '2023-01-06 23:06:14', '2023-01-06 23:06:14'),
(356, 120, 'GPS', 3, '2023-01-06 23:06:14', '2023-01-06 23:06:14'),
(357, 121, 'MT', 1, '2023-01-06 23:06:25', '2023-01-06 23:06:25'),
(358, 121, 'Sangu', 2, '2023-01-06 23:06:25', '2023-01-06 23:06:25'),
(359, 121, 'GPS', 3, '2023-01-06 23:06:25', '2023-01-06 23:06:25'),
(360, 122, 'MT', 1, '2023-01-06 23:06:38', '2023-01-06 23:06:38'),
(361, 122, 'Sangu', 2, '2023-01-06 23:06:38', '2023-01-06 23:06:38'),
(362, 122, 'GPS', 3, '2023-01-06 23:06:38', '2023-01-06 23:06:38'),
(363, 123, 'MT', 1, '2023-01-06 23:06:51', '2023-01-06 23:06:51'),
(364, 123, 'Sangu', 2, '2023-01-06 23:06:51', '2023-01-06 23:06:51'),
(365, 123, 'GPS', 3, '2023-01-06 23:06:51', '2023-01-06 23:06:51'),
(366, 124, 'MT', 1, '2023-01-06 23:06:55', '2023-01-06 23:06:55'),
(367, 124, 'Sangu', 2, '2023-01-06 23:06:55', '2023-01-06 23:06:55'),
(368, 124, 'GPS', 3, '2023-01-06 23:06:55', '2023-01-06 23:06:55'),
(369, 125, 'MT', 1, '2023-01-06 23:07:21', '2023-01-06 23:07:21'),
(370, 125, 'Sangu', 2, '2023-01-06 23:07:21', '2023-01-06 23:07:21'),
(371, 125, 'GPS', 3, '2023-01-06 23:07:21', '2023-01-06 23:07:21'),
(372, 126, 'MT', 1, '2023-01-06 23:07:59', '2023-01-06 23:07:59'),
(373, 126, 'Sangu', 2, '2023-01-06 23:07:59', '2023-01-06 23:07:59'),
(374, 126, 'GPS', 3, '2023-01-06 23:07:59', '2023-01-06 23:07:59'),
(375, 127, 'MT', 1, '2023-01-06 23:08:12', '2023-01-06 23:08:12'),
(376, 127, 'Sangu', 2, '2023-01-06 23:08:12', '2023-01-06 23:08:12'),
(377, 127, 'GPS', 3, '2023-01-06 23:08:12', '2023-01-06 23:08:12'),
(378, 128, 'MT', 1, '2023-01-06 23:08:37', '2023-01-06 23:08:37'),
(379, 128, 'Sangu', 2, '2023-01-06 23:08:37', '2023-01-06 23:08:37'),
(380, 128, 'GPS', 3, '2023-01-06 23:08:37', '2023-01-06 23:08:37'),
(381, 129, 'MT', 1, '2023-01-06 23:08:49', '2023-01-06 23:08:49'),
(382, 129, 'Sangu', 2, '2023-01-06 23:08:49', '2023-01-06 23:08:49'),
(383, 129, 'GPS', 3, '2023-01-06 23:08:49', '2023-01-06 23:08:49'),
(384, 130, 'MT', 1, '2023-01-06 23:09:02', '2023-01-06 23:09:02'),
(385, 130, 'Sangu', 2, '2023-01-06 23:09:02', '2023-01-06 23:09:02'),
(386, 130, 'GPS', 3, '2023-01-06 23:09:02', '2023-01-06 23:09:02'),
(387, 131, 'MT', 1, '2023-01-06 23:09:21', '2023-01-06 23:09:21'),
(388, 131, 'Sangu', 2, '2023-01-06 23:09:21', '2023-01-06 23:09:21'),
(389, 131, 'GPS', 3, '2023-01-06 23:09:21', '2023-01-06 23:09:21'),
(390, 132, 'MT', 1, '2023-01-06 23:09:35', '2023-01-06 23:09:35'),
(391, 132, 'Sangu', 2, '2023-01-06 23:09:35', '2023-01-06 23:09:35'),
(392, 132, 'GPS', 3, '2023-01-06 23:09:35', '2023-01-06 23:09:35'),
(393, 133, 'MT', 1, '2023-01-06 23:09:45', '2023-01-06 23:09:45'),
(394, 133, 'Sangu', 2, '2023-01-06 23:09:45', '2023-01-06 23:09:45'),
(395, 133, 'GPS', 3, '2023-01-06 23:09:45', '2023-01-06 23:09:45'),
(396, 134, 'MT', 1, '2023-01-06 23:14:59', '2023-01-06 23:14:59'),
(397, 134, 'Sangu', 2, '2023-01-06 23:14:59', '2023-01-06 23:14:59'),
(398, 134, 'GPS', 3, '2023-01-06 23:14:59', '2023-01-06 23:14:59'),
(399, 134, 'GPS', 4, '2023-01-06 23:14:59', '2023-01-06 23:14:59'),
(400, 135, 'MT', 1, '2023-01-06 23:15:09', '2023-01-06 23:15:09'),
(401, 135, 'Sangu', 2, '2023-01-06 23:15:09', '2023-01-06 23:15:09'),
(402, 135, 'GPS', 3, '2023-01-06 23:15:09', '2023-01-06 23:15:09'),
(403, 135, 'GPS', 4, '2023-01-06 23:15:09', '2023-01-06 23:15:09'),
(404, 136, 'MT', 1, '2023-01-06 23:15:19', '2023-01-06 23:15:19'),
(405, 136, 'Sangu', 2, '2023-01-06 23:15:19', '2023-01-06 23:15:19'),
(406, 136, 'GPS', 3, '2023-01-06 23:15:19', '2023-01-06 23:15:19'),
(407, 136, 'GPS', 4, '2023-01-06 23:15:19', '2023-01-06 23:15:19'),
(408, 137, 'MT', 1, '2023-01-06 23:15:31', '2023-01-06 23:15:31'),
(409, 137, 'Sangu', 2, '2023-01-06 23:15:31', '2023-01-06 23:15:31'),
(410, 137, 'GPS', 3, '2023-01-06 23:15:31', '2023-01-06 23:15:31'),
(411, 137, 'GPS', 4, '2023-01-06 23:15:31', '2023-01-06 23:15:31'),
(412, 138, 'MT', 1, '2023-01-06 23:15:46', '2023-01-06 23:15:46'),
(413, 138, 'Sangu', 2, '2023-01-06 23:15:46', '2023-01-06 23:15:46'),
(414, 138, 'GPS', 3, '2023-01-06 23:15:46', '2023-01-06 23:15:46'),
(415, 138, 'GPS', 4, '2023-01-06 23:15:46', '2023-01-06 23:15:46'),
(416, 139, 'MT', 1, '2023-01-06 23:15:57', '2023-01-06 23:15:57'),
(417, 139, 'Sangu', 2, '2023-01-06 23:15:57', '2023-01-06 23:15:57'),
(418, 139, 'GPS', 3, '2023-01-06 23:15:57', '2023-01-06 23:15:57'),
(419, 139, 'GPS', 4, '2023-01-06 23:15:57', '2023-01-06 23:15:57'),
(420, 140, 'MT', 1, '2023-01-06 23:16:13', '2023-01-06 23:16:13'),
(421, 140, 'Sangu', 2, '2023-01-06 23:16:13', '2023-01-06 23:16:13'),
(422, 140, 'GPS', 3, '2023-01-06 23:16:13', '2023-01-06 23:16:13'),
(423, 140, 'GPS', 4, '2023-01-06 23:16:13', '2023-01-06 23:16:13'),
(424, 141, 'MT', 1, '2023-01-06 23:16:25', '2023-01-06 23:16:25'),
(425, 141, 'Sangu', 2, '2023-01-06 23:16:25', '2023-01-06 23:16:25'),
(426, 141, 'GPS', 3, '2023-01-06 23:16:25', '2023-01-06 23:16:25'),
(427, 141, 'GPS', 4, '2023-01-06 23:16:25', '2023-01-06 23:16:25'),
(428, 142, 'MT', 1, '2023-01-06 23:16:33', '2023-01-06 23:16:33'),
(429, 142, 'Sangu', 2, '2023-01-06 23:16:33', '2023-01-06 23:16:33'),
(430, 142, 'GPS', 3, '2023-01-06 23:16:33', '2023-01-06 23:16:33'),
(431, 142, 'GPS', 4, '2023-01-06 23:16:33', '2023-01-06 23:16:33'),
(432, 143, 'MT', 1, '2023-01-06 23:16:41', '2023-01-06 23:16:41'),
(433, 143, 'Sangu', 2, '2023-01-06 23:16:41', '2023-01-06 23:16:41'),
(434, 143, 'GPS', 3, '2023-01-06 23:16:41', '2023-01-06 23:16:41'),
(435, 143, 'GPS', 4, '2023-01-06 23:16:41', '2023-01-06 23:16:41'),
(436, 144, 'MT', 1, '2023-01-06 23:16:52', '2023-01-06 23:16:52'),
(437, 144, 'Sangu', 2, '2023-01-06 23:16:52', '2023-01-06 23:16:52'),
(438, 144, 'GPS', 3, '2023-01-06 23:16:52', '2023-01-06 23:16:52'),
(439, 144, 'GPS', 4, '2023-01-06 23:16:52', '2023-01-06 23:16:52'),
(440, 145, 'MT', 1, '2023-01-06 23:17:00', '2023-01-06 23:17:00'),
(441, 145, 'Sangu', 2, '2023-01-06 23:17:00', '2023-01-06 23:17:00'),
(442, 145, 'GPS', 3, '2023-01-06 23:17:00', '2023-01-06 23:17:00'),
(443, 145, 'GPS', 4, '2023-01-06 23:17:00', '2023-01-06 23:17:00'),
(444, 146, 'MT', 1, '2023-01-06 23:17:10', '2023-01-06 23:17:10'),
(445, 146, 'Sangu', 2, '2023-01-06 23:17:10', '2023-01-06 23:17:10'),
(446, 146, 'GPS', 3, '2023-01-06 23:17:10', '2023-01-06 23:17:10'),
(447, 146, 'GPS', 4, '2023-01-06 23:17:10', '2023-01-06 23:17:10'),
(448, 147, 'MT', 1, '2023-01-06 23:17:19', '2023-01-06 23:17:19'),
(449, 147, 'Sangu', 2, '2023-01-06 23:17:19', '2023-01-06 23:17:19'),
(450, 147, 'GPS', 3, '2023-01-06 23:17:19', '2023-01-06 23:17:19'),
(451, 147, 'GPS', 4, '2023-01-06 23:17:19', '2023-01-06 23:17:19'),
(452, 148, 'MT', 1, '2023-01-06 23:17:28', '2023-01-06 23:17:28'),
(453, 148, 'Sangu', 2, '2023-01-06 23:17:28', '2023-01-06 23:17:28'),
(454, 148, 'GPS', 3, '2023-01-06 23:17:28', '2023-01-06 23:17:28'),
(455, 148, 'GPS', 4, '2023-01-06 23:17:28', '2023-01-06 23:17:28'),
(456, 149, 'MT', 1, '2023-01-06 23:17:35', '2023-01-06 23:17:35'),
(457, 149, 'Sangu', 2, '2023-01-06 23:17:35', '2023-01-06 23:17:35'),
(458, 149, 'GPS', 3, '2023-01-06 23:17:35', '2023-01-06 23:17:35'),
(459, 149, 'GPS', 4, '2023-01-06 23:17:35', '2023-01-06 23:17:35'),
(460, 150, 'MT', 1, '2023-01-06 23:17:44', '2023-01-06 23:17:44'),
(461, 150, 'Sangu', 2, '2023-01-06 23:17:44', '2023-01-06 23:17:44'),
(462, 150, 'GPS', 3, '2023-01-06 23:17:44', '2023-01-06 23:17:44'),
(463, 150, 'GPS', 4, '2023-01-06 23:17:44', '2023-01-06 23:17:44'),
(464, 151, 'MT', 1, '2023-01-06 23:17:54', '2023-01-06 23:17:54'),
(465, 151, 'Sangu', 2, '2023-01-06 23:17:54', '2023-01-06 23:17:54'),
(466, 151, 'GPS', 3, '2023-01-06 23:17:54', '2023-01-06 23:17:54'),
(467, 151, 'GPS', 4, '2023-01-06 23:17:54', '2023-01-06 23:17:54'),
(468, 152, 'MT', 1, '2023-01-06 23:18:21', '2023-01-06 23:18:21'),
(469, 152, 'Sangu', 2, '2023-01-06 23:18:21', '2023-01-06 23:18:21'),
(470, 152, 'GPS', 3, '2023-01-06 23:18:21', '2023-01-06 23:18:21'),
(471, 152, 'GPS', 4, '2023-01-06 23:18:21', '2023-01-06 23:18:21'),
(472, 153, 'MT', 1, '2023-01-06 23:18:32', '2023-01-06 23:18:32'),
(473, 153, 'Sangu', 2, '2023-01-06 23:18:32', '2023-01-06 23:18:32'),
(474, 153, 'GPS', 3, '2023-01-06 23:18:32', '2023-01-06 23:18:32'),
(475, 153, 'GPS', 4, '2023-01-06 23:18:32', '2023-01-06 23:18:32'),
(476, 154, 'MT', 1, '2023-01-06 23:18:48', '2023-01-06 23:18:48'),
(477, 154, 'Sangu', 2, '2023-01-06 23:18:48', '2023-01-06 23:18:48'),
(478, 154, 'GPS', 3, '2023-01-06 23:18:48', '2023-01-06 23:18:48'),
(479, 154, 'GPS', 4, '2023-01-06 23:18:48', '2023-01-06 23:18:48'),
(480, 155, 'MT', 1, '2023-01-06 23:18:58', '2023-01-06 23:18:58'),
(481, 155, 'Sangu', 2, '2023-01-06 23:18:58', '2023-01-06 23:18:58'),
(482, 155, 'GPS', 3, '2023-01-06 23:18:58', '2023-01-06 23:18:58'),
(483, 155, 'GPS', 4, '2023-01-06 23:18:58', '2023-01-06 23:18:58'),
(484, 156, 'MT', 1, '2023-01-06 23:19:07', '2023-01-06 23:19:07'),
(485, 156, 'Sangu', 2, '2023-01-06 23:19:07', '2023-01-06 23:19:07'),
(486, 156, 'GPS', 3, '2023-01-06 23:19:07', '2023-01-06 23:19:07'),
(487, 156, 'GPS', 4, '2023-01-06 23:19:07', '2023-01-06 23:19:07'),
(488, 157, 'MT', 1, '2023-01-06 23:19:14', '2023-01-06 23:19:14'),
(489, 157, 'Sangu', 2, '2023-01-06 23:19:14', '2023-01-06 23:19:14'),
(490, 157, 'GPS', 3, '2023-01-06 23:19:14', '2023-01-06 23:19:14'),
(491, 157, 'GPS', 4, '2023-01-06 23:19:14', '2023-01-06 23:19:14'),
(492, 158, 'MT', 1, '2023-01-06 23:19:22', '2023-01-06 23:19:22'),
(493, 158, 'Sangu', 2, '2023-01-06 23:19:22', '2023-01-06 23:19:22'),
(494, 158, 'GPS', 3, '2023-01-06 23:19:22', '2023-01-06 23:19:22'),
(495, 158, 'GPS', 4, '2023-01-06 23:19:22', '2023-01-06 23:19:22'),
(496, 159, 'MT', 1, '2023-01-06 23:19:29', '2023-01-06 23:19:29'),
(497, 159, 'Sangu', 2, '2023-01-06 23:19:29', '2023-01-06 23:19:29'),
(498, 159, 'GPS', 3, '2023-01-06 23:19:29', '2023-01-06 23:19:29'),
(499, 159, 'GPS', 4, '2023-01-06 23:19:29', '2023-01-06 23:19:29'),
(500, 160, 'MT', 1, '2023-01-06 23:19:54', '2023-01-06 23:19:54'),
(501, 160, 'Sangu', 2, '2023-01-06 23:19:54', '2023-01-06 23:19:54'),
(502, 160, 'GPS', 3, '2023-01-06 23:19:54', '2023-01-06 23:19:54'),
(503, 160, 'GPS', 4, '2023-01-06 23:19:54', '2023-01-06 23:19:54'),
(504, 161, 'MT', 1, '2023-01-06 23:20:05', '2023-01-06 23:20:05'),
(505, 161, 'Sangu', 2, '2023-01-06 23:20:05', '2023-01-06 23:20:05'),
(506, 161, 'GPS', 3, '2023-01-06 23:20:05', '2023-01-06 23:20:05'),
(507, 161, 'GPS', 4, '2023-01-06 23:20:05', '2023-01-06 23:20:05'),
(508, 162, 'MT', 1, '2023-01-06 23:20:13', '2023-01-06 23:20:13'),
(509, 162, 'Sangu', 2, '2023-01-06 23:20:13', '2023-01-06 23:20:13'),
(510, 162, 'GPS', 3, '2023-01-06 23:20:13', '2023-01-06 23:20:13'),
(511, 162, 'GPS', 4, '2023-01-06 23:20:13', '2023-01-06 23:20:13'),
(512, 163, 'MT', 1, '2023-01-06 23:20:25', '2023-01-06 23:20:25'),
(513, 163, 'Sangu', 2, '2023-01-06 23:20:25', '2023-01-06 23:20:25'),
(514, 163, 'GPS', 3, '2023-01-06 23:20:25', '2023-01-06 23:20:25'),
(515, 163, 'GPS', 4, '2023-01-06 23:20:25', '2023-01-06 23:20:25'),
(516, 164, 'MT', 1, '2023-01-06 23:20:32', '2023-01-06 23:20:32'),
(517, 164, 'Sangu', 2, '2023-01-06 23:20:32', '2023-01-06 23:20:32'),
(518, 164, 'GPS', 3, '2023-01-06 23:20:32', '2023-01-06 23:20:32'),
(519, 164, 'GPS', 4, '2023-01-06 23:20:32', '2023-01-06 23:20:32'),
(520, 165, 'MT', 1, '2023-01-06 23:20:54', '2023-01-06 23:20:54'),
(521, 165, 'Sangu', 2, '2023-01-06 23:20:54', '2023-01-06 23:20:54'),
(522, 165, 'GPS', 3, '2023-01-06 23:20:54', '2023-01-06 23:20:54'),
(523, 166, 'MT', 1, '2023-01-06 23:21:06', '2023-01-06 23:21:06'),
(524, 166, 'Sangu', 2, '2023-01-06 23:21:06', '2023-01-06 23:21:06'),
(525, 166, 'GPS', 3, '2023-01-06 23:21:06', '2023-01-06 23:21:06'),
(526, 167, 'MT', 1, '2023-01-06 23:21:18', '2023-01-06 23:21:18'),
(527, 167, 'Sangu', 2, '2023-01-06 23:21:18', '2023-01-06 23:21:18'),
(528, 167, 'GPS', 3, '2023-01-06 23:21:18', '2023-01-06 23:21:18'),
(529, 168, 'MT', 1, '2023-01-06 23:21:29', '2023-01-06 23:21:29'),
(530, 168, 'Sangu', 2, '2023-01-06 23:21:29', '2023-01-06 23:21:29'),
(531, 168, 'GPS', 3, '2023-01-06 23:21:29', '2023-01-06 23:21:29'),
(532, 169, 'MT', 1, '2023-01-09 23:17:24', '2023-01-09 23:17:24'),
(533, 169, 'Sangu', 2, '2023-01-09 23:17:24', '2023-01-09 23:17:24'),
(534, 169, 'GPS', 3, '2023-01-09 23:17:24', '2023-01-09 23:17:24'),
(535, 170, 'MT', 1, '2023-01-09 23:17:36', '2023-01-09 23:17:36'),
(536, 170, 'Sangu', 2, '2023-01-09 23:17:36', '2023-01-09 23:17:36'),
(537, 170, 'GPS', 3, '2023-01-09 23:17:36', '2023-01-09 23:17:36'),
(538, 171, 'MT', 1, '2023-01-09 23:18:08', '2023-01-09 23:18:08'),
(539, 171, 'Sangu', 2, '2023-01-09 23:18:08', '2023-01-09 23:18:08'),
(540, 171, 'GPS', 3, '2023-01-09 23:18:08', '2023-01-09 23:18:08'),
(541, 172, 'MT', 1, '2023-01-09 23:18:21', '2023-01-09 23:18:21'),
(542, 172, 'Sangu', 2, '2023-01-09 23:18:21', '2023-01-09 23:18:21'),
(543, 172, 'GPS', 3, '2023-01-09 23:18:21', '2023-01-09 23:18:21'),
(544, 173, 'MT', 1, '2023-01-09 23:18:33', '2023-01-09 23:18:33'),
(545, 173, 'Sangu', 2, '2023-01-09 23:18:33', '2023-01-09 23:18:33'),
(546, 173, 'GPS', 3, '2023-01-09 23:18:33', '2023-01-09 23:18:33'),
(547, 174, 'MT', 1, '2023-01-09 23:18:46', '2023-01-09 23:18:46'),
(548, 174, 'Sangu', 2, '2023-01-09 23:18:46', '2023-01-09 23:18:46'),
(549, 174, 'GPS', 3, '2023-01-09 23:18:46', '2023-01-09 23:18:46'),
(550, 175, 'MT', 1, '2023-01-09 23:18:59', '2023-01-09 23:18:59'),
(551, 175, 'Sangu', 2, '2023-01-09 23:18:59', '2023-01-09 23:18:59'),
(552, 175, 'GPS', 3, '2023-01-09 23:18:59', '2023-01-09 23:18:59'),
(553, 176, 'MT', 1, '2023-01-09 23:19:14', '2023-01-09 23:19:14'),
(554, 176, 'Sangu', 2, '2023-01-09 23:19:14', '2023-01-09 23:19:14'),
(555, 176, 'GPS', 3, '2023-01-09 23:19:14', '2023-01-09 23:19:14'),
(556, 177, 'MT', 1, '2023-01-09 23:19:29', '2023-01-09 23:19:29'),
(557, 177, 'Sangu', 2, '2023-01-09 23:19:29', '2023-01-09 23:19:29'),
(558, 177, 'GPS', 3, '2023-01-09 23:19:29', '2023-01-09 23:19:29'),
(559, 178, 'MT', 1, '2023-01-09 23:19:45', '2023-01-09 23:19:45'),
(560, 178, 'Sangu', 2, '2023-01-09 23:19:45', '2023-01-09 23:19:45'),
(561, 178, 'GPS', 3, '2023-01-09 23:19:45', '2023-01-09 23:19:45'),
(562, 179, 'MT', 1, '2023-01-09 23:20:01', '2023-01-09 23:20:01'),
(563, 179, 'Sangu', 2, '2023-01-09 23:20:01', '2023-01-09 23:20:01'),
(564, 179, 'GPS', 3, '2023-01-09 23:20:01', '2023-01-09 23:20:01'),
(565, 180, 'MT', 1, '2023-01-09 23:20:13', '2023-01-09 23:20:13'),
(566, 180, 'Sangu', 2, '2023-01-09 23:20:13', '2023-01-09 23:20:13'),
(567, 180, 'GPS', 3, '2023-01-09 23:20:13', '2023-01-09 23:20:13'),
(568, 181, 'MT', 1, '2023-01-09 23:20:25', '2023-01-09 23:20:25'),
(569, 181, 'Sangu', 2, '2023-01-09 23:20:25', '2023-01-09 23:20:25'),
(570, 181, 'GPS', 3, '2023-01-09 23:20:25', '2023-01-09 23:20:25'),
(571, 182, 'MT', 1, '2023-01-09 23:20:38', '2023-01-09 23:20:38'),
(572, 182, 'Sangu', 2, '2023-01-09 23:20:38', '2023-01-09 23:20:38'),
(573, 182, 'GPS', 3, '2023-01-09 23:20:38', '2023-01-09 23:20:38'),
(574, 183, 'MT', 1, '2023-01-09 23:20:50', '2023-01-09 23:20:50'),
(575, 183, 'Sangu', 2, '2023-01-09 23:20:50', '2023-01-09 23:20:50'),
(576, 183, 'GPS', 3, '2023-01-09 23:20:50', '2023-01-09 23:20:50'),
(577, 184, 'MT', 1, '2023-01-09 23:21:00', '2023-01-09 23:21:00'),
(578, 184, 'Sangu', 2, '2023-01-09 23:21:00', '2023-01-09 23:21:00'),
(579, 184, 'GPS', 3, '2023-01-09 23:21:00', '2023-01-09 23:21:00'),
(580, 185, 'MT', 1, '2023-01-09 23:32:07', '2023-01-09 23:32:07'),
(581, 185, 'Sangu', 2, '2023-01-09 23:32:07', '2023-01-09 23:32:07'),
(582, 185, 'GPS', 3, '2023-01-09 23:32:07', '2023-01-09 23:32:07'),
(583, 186, 'MT', 1, '2023-01-09 23:32:32', '2023-01-09 23:32:32'),
(584, 186, 'Sangu', 2, '2023-01-09 23:32:32', '2023-01-09 23:32:32'),
(585, 186, 'GPS', 3, '2023-01-09 23:32:32', '2023-01-09 23:32:32'),
(586, 187, 'MT', 1, '2023-01-09 23:32:46', '2023-01-09 23:32:46'),
(587, 187, 'Sangu', 2, '2023-01-09 23:32:46', '2023-01-09 23:32:46'),
(588, 187, 'GPS', 3, '2023-01-09 23:32:46', '2023-01-09 23:32:46'),
(589, 188, 'MT', 1, '2023-01-09 23:32:57', '2023-01-09 23:32:57'),
(590, 188, 'Sangu', 2, '2023-01-09 23:32:57', '2023-01-09 23:32:57'),
(591, 188, 'GPS', 3, '2023-01-09 23:32:57', '2023-01-09 23:32:57'),
(592, 189, 'MT', 1, '2023-01-09 23:33:13', '2023-01-09 23:33:13'),
(593, 189, 'Sangu', 2, '2023-01-09 23:33:13', '2023-01-09 23:33:13'),
(594, 189, 'GPS', 3, '2023-01-09 23:33:13', '2023-01-09 23:33:13'),
(595, 190, 'MT', 1, '2023-01-09 23:33:25', '2023-01-09 23:33:25'),
(596, 190, 'Sangu', 2, '2023-01-09 23:33:25', '2023-01-09 23:33:25'),
(597, 190, 'GPS', 3, '2023-01-09 23:33:25', '2023-01-09 23:33:25'),
(598, 191, 'MT', 1, '2023-01-09 23:33:38', '2023-01-09 23:33:38'),
(599, 191, 'Sangu', 2, '2023-01-09 23:33:38', '2023-01-09 23:33:38'),
(600, 191, 'GPS', 3, '2023-01-09 23:33:38', '2023-01-09 23:33:38'),
(601, 192, 'MT', 1, '2023-01-09 23:33:50', '2023-01-09 23:33:50'),
(602, 192, 'Sangu', 2, '2023-01-09 23:33:50', '2023-01-09 23:33:50'),
(603, 192, 'GPS', 3, '2023-01-09 23:33:50', '2023-01-09 23:33:50'),
(604, 193, 'MT', 1, '2023-01-09 23:34:05', '2023-01-09 23:34:05'),
(605, 193, 'Sangu', 2, '2023-01-09 23:34:05', '2023-01-09 23:34:05'),
(606, 193, 'GPS', 3, '2023-01-09 23:34:05', '2023-01-09 23:34:05'),
(607, 194, 'MT', 1, '2023-01-09 23:34:16', '2023-01-09 23:34:16'),
(608, 194, 'Sangu', 2, '2023-01-09 23:34:16', '2023-01-09 23:34:16'),
(609, 194, 'GPS', 3, '2023-01-09 23:34:16', '2023-01-09 23:34:16'),
(610, 195, 'MT', 1, '2023-01-09 23:34:33', '2023-01-09 23:34:33'),
(611, 195, 'Sangu', 2, '2023-01-09 23:34:33', '2023-01-09 23:34:33'),
(612, 195, 'GPS', 3, '2023-01-09 23:34:33', '2023-01-09 23:34:33'),
(613, 196, 'MT', 1, '2023-01-09 23:37:26', '2023-01-09 23:37:26'),
(614, 196, 'Sangu', 2, '2023-01-09 23:37:26', '2023-01-09 23:37:26'),
(615, 196, 'GPS', 3, '2023-01-09 23:37:26', '2023-01-09 23:37:26'),
(616, 197, 'MT', 1, '2023-01-09 23:37:40', '2023-01-09 23:37:40'),
(617, 197, 'Sangu', 2, '2023-01-09 23:37:40', '2023-01-09 23:37:40'),
(618, 197, 'GPS', 3, '2023-01-09 23:37:40', '2023-01-09 23:37:40'),
(619, 198, 'MT', 1, '2023-01-09 23:37:53', '2023-01-09 23:37:53'),
(620, 198, 'Sangu', 2, '2023-01-09 23:37:53', '2023-01-09 23:37:53'),
(621, 198, 'GPS', 3, '2023-01-09 23:37:53', '2023-01-09 23:37:53'),
(622, 199, 'MT', 1, '2023-01-09 23:38:07', '2023-01-09 23:38:07'),
(623, 199, 'Sangu', 2, '2023-01-09 23:38:07', '2023-01-09 23:38:07'),
(624, 199, 'GPS', 3, '2023-01-09 23:38:07', '2023-01-09 23:38:07'),
(625, 200, 'MT', 1, '2023-01-09 23:38:18', '2023-01-09 23:38:18'),
(626, 200, 'Sangu', 2, '2023-01-09 23:38:18', '2023-01-09 23:38:18'),
(627, 200, 'GPS', 3, '2023-01-09 23:38:18', '2023-01-09 23:38:18'),
(628, 201, 'MT', 1, '2023-01-09 23:38:44', '2023-01-09 23:38:44'),
(629, 201, 'Sangu', 2, '2023-01-09 23:38:44', '2023-01-09 23:38:44'),
(630, 201, 'GPS', 3, '2023-01-09 23:38:44', '2023-01-09 23:38:44'),
(631, 202, 'MT', 1, '2023-01-09 23:38:57', '2023-01-09 23:38:57'),
(632, 202, 'Sangu', 2, '2023-01-09 23:38:57', '2023-01-09 23:38:57'),
(633, 202, 'GPS', 3, '2023-01-09 23:38:57', '2023-01-09 23:38:57'),
(634, 203, 'MT', 1, '2023-01-09 23:39:09', '2023-01-09 23:39:09'),
(635, 203, 'Sangu', 2, '2023-01-09 23:39:09', '2023-01-09 23:39:09'),
(636, 203, 'GPS', 3, '2023-01-09 23:39:09', '2023-01-09 23:39:09'),
(637, 204, 'MT', 1, '2023-01-09 23:39:20', '2023-01-09 23:39:20'),
(638, 204, 'Sangu', 2, '2023-01-09 23:39:20', '2023-01-09 23:39:20'),
(639, 204, 'GPS', 3, '2023-01-09 23:39:20', '2023-01-09 23:39:20'),
(640, 205, 'MT', 1, '2023-01-09 23:40:04', '2023-01-09 23:40:04'),
(641, 205, 'Sangu', 2, '2023-01-09 23:40:04', '2023-01-09 23:40:04'),
(642, 205, 'GPS', 3, '2023-01-09 23:40:04', '2023-01-09 23:40:04'),
(643, 206, 'MT', 1, '2023-01-09 23:40:15', '2023-01-09 23:40:15'),
(644, 206, 'Sangu', 2, '2023-01-09 23:40:15', '2023-01-09 23:40:15'),
(645, 206, 'GPS', 3, '2023-01-09 23:40:15', '2023-01-09 23:40:15'),
(646, 207, 'MT', 1, '2023-01-09 23:40:26', '2023-01-09 23:40:26'),
(647, 207, 'Sangu', 2, '2023-01-09 23:40:26', '2023-01-09 23:40:26'),
(648, 207, 'GPS', 3, '2023-01-09 23:40:26', '2023-01-09 23:40:26'),
(649, 208, 'MT', 1, '2023-01-09 23:40:51', '2023-01-09 23:40:51'),
(650, 208, 'Sangu', 2, '2023-01-09 23:40:51', '2023-01-09 23:40:51'),
(651, 208, 'GPS', 3, '2023-01-09 23:40:51', '2023-01-09 23:40:51'),
(652, 209, 'MT', 1, '2023-01-09 23:41:07', '2023-01-09 23:41:07'),
(653, 209, 'Sangu', 2, '2023-01-09 23:41:07', '2023-01-09 23:41:07'),
(654, 209, 'GPS', 3, '2023-01-09 23:41:07', '2023-01-09 23:41:07'),
(655, 210, 'MT', 1, '2023-01-09 23:41:20', '2023-01-09 23:41:20'),
(656, 210, 'Sangu', 2, '2023-01-09 23:41:20', '2023-01-09 23:41:20'),
(657, 210, 'GPS', 3, '2023-01-09 23:41:20', '2023-01-09 23:41:20'),
(658, 211, 'MT', 1, '2023-01-09 23:41:38', '2023-01-09 23:41:38'),
(659, 211, 'Sangu', 2, '2023-01-09 23:41:38', '2023-01-09 23:41:38'),
(660, 211, 'GPS', 3, '2023-01-09 23:41:38', '2023-01-09 23:41:38'),
(661, 212, 'MT', 1, '2023-01-09 23:41:50', '2023-01-09 23:41:50'),
(662, 212, 'Sangu', 2, '2023-01-09 23:41:50', '2023-01-09 23:41:50'),
(663, 212, 'GPS', 3, '2023-01-09 23:41:50', '2023-01-09 23:41:50'),
(664, 213, 'MT', 1, '2023-01-09 23:42:00', '2023-01-09 23:42:00'),
(665, 213, 'Sangu', 2, '2023-01-09 23:42:00', '2023-01-09 23:42:00'),
(666, 213, 'GPS', 3, '2023-01-09 23:42:00', '2023-01-09 23:42:00'),
(667, 214, 'MT', 1, '2023-01-09 23:42:13', '2023-01-09 23:42:13'),
(668, 214, 'Sangu', 2, '2023-01-09 23:42:13', '2023-01-09 23:42:13'),
(669, 214, 'GPS', 3, '2023-01-09 23:42:13', '2023-01-09 23:42:13'),
(670, 215, 'MT', 1, '2023-01-09 23:42:25', '2023-01-09 23:42:25'),
(671, 215, 'Sangu', 2, '2023-01-09 23:42:25', '2023-01-09 23:42:25'),
(672, 215, 'GPS', 3, '2023-01-09 23:42:25', '2023-01-09 23:42:25'),
(673, 216, 'MT', 1, '2023-01-09 23:42:53', '2023-01-09 23:42:53'),
(674, 216, 'Sangu', 2, '2023-01-09 23:42:53', '2023-01-09 23:42:53'),
(675, 216, 'GPS', 3, '2023-01-09 23:42:53', '2023-01-09 23:42:53'),
(676, 217, 'MT', 1, '2023-01-09 23:43:04', '2023-01-09 23:43:04'),
(677, 217, 'Sangu', 2, '2023-01-09 23:43:04', '2023-01-09 23:43:04'),
(678, 217, 'GPS', 3, '2023-01-09 23:43:04', '2023-01-09 23:43:04'),
(679, 218, 'MT', 1, '2023-01-09 23:43:17', '2023-01-09 23:43:17'),
(680, 218, 'Sangu', 2, '2023-01-09 23:43:17', '2023-01-09 23:43:17'),
(681, 218, 'GPS', 3, '2023-01-09 23:43:17', '2023-01-09 23:43:17'),
(682, 219, 'MT', 1, '2023-01-09 23:43:33', '2023-01-09 23:43:33'),
(683, 219, 'Sangu', 2, '2023-01-09 23:43:33', '2023-01-09 23:43:33'),
(684, 219, 'GPS', 3, '2023-01-09 23:43:33', '2023-01-09 23:43:33'),
(685, 220, 'MT', 1, '2023-01-09 23:43:47', '2023-01-09 23:43:47'),
(686, 220, 'Sangu', 2, '2023-01-09 23:43:47', '2023-01-09 23:43:47'),
(687, 220, 'GPS', 3, '2023-01-09 23:43:47', '2023-01-09 23:43:47'),
(688, 221, 'MT', 1, '2023-01-09 23:43:59', '2023-01-09 23:43:59'),
(689, 221, 'Sangu', 2, '2023-01-09 23:43:59', '2023-01-09 23:43:59'),
(690, 221, 'GPS', 3, '2023-01-09 23:43:59', '2023-01-09 23:43:59'),
(691, 222, 'MT', 1, '2023-01-09 23:44:09', '2023-01-09 23:44:09'),
(692, 222, 'Sangu', 2, '2023-01-09 23:44:09', '2023-01-09 23:44:09'),
(693, 222, 'GPS', 3, '2023-01-09 23:44:09', '2023-01-09 23:44:09'),
(694, 223, 'MT', 1, '2023-01-09 23:44:19', '2023-01-09 23:44:19'),
(695, 223, 'Sangu', 2, '2023-01-09 23:44:19', '2023-01-09 23:44:19'),
(696, 223, 'GPS', 3, '2023-01-09 23:44:19', '2023-01-09 23:44:19'),
(697, 224, 'MT', 1, '2023-01-09 23:44:30', '2023-01-09 23:44:30'),
(698, 224, 'Sangu', 2, '2023-01-09 23:44:30', '2023-01-09 23:44:30'),
(699, 224, 'GPS', 3, '2023-01-09 23:44:30', '2023-01-09 23:44:30'),
(700, 225, 'MT', 1, '2023-01-09 23:44:44', '2023-01-09 23:44:44'),
(701, 225, 'Sangu', 2, '2023-01-09 23:44:44', '2023-01-09 23:44:44'),
(702, 225, 'GPS', 3, '2023-01-09 23:44:44', '2023-01-09 23:44:44'),
(703, 226, 'MT', 1, '2023-01-09 23:45:01', '2023-01-09 23:45:01'),
(704, 226, 'Sangu', 2, '2023-01-09 23:45:01', '2023-01-09 23:45:01'),
(705, 226, 'GPS', 3, '2023-01-09 23:45:01', '2023-01-09 23:45:01'),
(706, 227, 'MT', 1, '2023-01-09 23:45:12', '2023-01-09 23:45:12'),
(707, 227, 'Sangu', 2, '2023-01-09 23:45:12', '2023-01-09 23:45:12'),
(708, 227, 'GPS', 3, '2023-01-09 23:45:12', '2023-01-09 23:45:12'),
(709, 228, 'MT', 1, '2023-01-09 23:45:23', '2023-01-09 23:45:23'),
(710, 228, 'Sangu', 2, '2023-01-09 23:45:23', '2023-01-09 23:45:23'),
(711, 228, 'GPS', 3, '2023-01-09 23:45:23', '2023-01-09 23:45:23'),
(712, 229, 'MT', 1, '2023-01-09 23:45:34', '2023-01-09 23:45:34'),
(713, 229, 'Sangu', 2, '2023-01-09 23:45:34', '2023-01-09 23:45:34'),
(714, 229, 'GPS', 3, '2023-01-09 23:45:34', '2023-01-09 23:45:34'),
(715, 230, 'MT', 1, '2023-01-09 23:45:53', '2023-01-09 23:45:53'),
(716, 230, 'Sangu', 2, '2023-01-09 23:45:53', '2023-01-09 23:45:53'),
(717, 230, 'GPS', 3, '2023-01-09 23:45:53', '2023-01-09 23:45:53'),
(718, 231, 'MT', 1, '2023-01-09 23:59:28', '2023-01-09 23:59:28'),
(719, 231, 'Sangu', 2, '2023-01-09 23:59:28', '2023-01-09 23:59:28'),
(720, 231, 'GPS', 3, '2023-01-09 23:59:28', '2023-01-09 23:59:28'),
(721, 232, 'MT', 1, '2023-01-09 23:59:40', '2023-01-09 23:59:40'),
(722, 232, 'Sangu', 2, '2023-01-09 23:59:40', '2023-01-09 23:59:40'),
(723, 232, 'GPS', 3, '2023-01-09 23:59:40', '2023-01-09 23:59:40'),
(724, 233, 'MT', 1, '2023-01-09 23:59:53', '2023-01-09 23:59:53'),
(725, 233, 'Sangu', 2, '2023-01-09 23:59:53', '2023-01-09 23:59:53'),
(726, 233, 'GPS', 3, '2023-01-09 23:59:53', '2023-01-09 23:59:53'),
(727, 234, 'MT', 1, '2023-01-10 00:00:04', '2023-01-10 00:00:04'),
(728, 234, 'Sangu', 2, '2023-01-10 00:00:04', '2023-01-10 00:00:04'),
(729, 234, 'GPS', 3, '2023-01-10 00:00:04', '2023-01-10 00:00:04'),
(730, 235, 'MT', 1, '2023-01-10 00:00:08', '2023-01-10 00:00:08'),
(731, 235, 'Sangu', 2, '2023-01-10 00:00:08', '2023-01-10 00:00:08'),
(732, 235, 'GPS', 3, '2023-01-10 00:00:08', '2023-01-10 00:00:08'),
(733, 236, 'MT', 1, '2023-01-10 00:00:20', '2023-01-10 00:00:20'),
(734, 236, 'Sangu', 2, '2023-01-10 00:00:20', '2023-01-10 00:00:20'),
(735, 236, 'GPS', 3, '2023-01-10 00:00:20', '2023-01-10 00:00:20'),
(736, 237, 'MT', 1, '2023-01-10 00:00:36', '2023-01-10 00:00:36'),
(737, 237, 'Sangu', 2, '2023-01-10 00:00:36', '2023-01-10 00:00:36'),
(738, 237, 'GPS', 3, '2023-01-10 00:00:36', '2023-01-10 00:00:36'),
(739, 238, 'MT', 1, '2023-01-10 00:00:50', '2023-01-10 00:00:50'),
(740, 238, 'Sangu', 2, '2023-01-10 00:00:50', '2023-01-10 00:00:50'),
(741, 238, 'GPS', 3, '2023-01-10 00:00:50', '2023-01-10 00:00:50'),
(742, 239, 'MT', 1, '2023-01-10 00:01:02', '2023-01-10 00:01:02'),
(743, 239, 'Sangu', 2, '2023-01-10 00:01:02', '2023-01-10 00:01:02'),
(744, 239, 'GPS', 3, '2023-01-10 00:01:02', '2023-01-10 00:01:02'),
(745, 240, 'MT', 1, '2023-01-10 00:01:17', '2023-01-10 00:01:17'),
(746, 240, 'Sangu', 2, '2023-01-10 00:01:17', '2023-01-10 00:01:17'),
(747, 240, 'GPS', 3, '2023-01-10 00:01:17', '2023-01-10 00:01:17'),
(748, 241, 'MT', 1, '2023-01-10 00:01:29', '2023-01-10 00:01:29'),
(749, 241, 'Sangu', 2, '2023-01-10 00:01:29', '2023-01-10 00:01:29'),
(750, 241, 'GPS', 3, '2023-01-10 00:01:29', '2023-01-10 00:01:29'),
(751, 242, 'MT', 1, '2023-01-10 00:01:44', '2023-01-10 00:01:44'),
(752, 242, 'Sangu', 2, '2023-01-10 00:01:44', '2023-01-10 00:01:44'),
(753, 242, 'GPS', 3, '2023-01-10 00:01:44', '2023-01-10 00:01:44'),
(754, 243, 'MT', 1, '2023-01-10 00:03:40', '2023-01-10 00:03:40'),
(755, 243, 'Sangu', 2, '2023-01-10 00:03:40', '2023-01-10 00:03:40'),
(756, 243, 'GPS', 3, '2023-01-10 00:03:40', '2023-01-10 00:03:40'),
(757, 244, 'MT', 1, '2023-01-10 00:03:58', '2023-01-10 00:03:58'),
(758, 244, 'Sangu', 2, '2023-01-10 00:03:58', '2023-01-10 00:03:58'),
(759, 244, 'GPS', 3, '2023-01-10 00:03:58', '2023-01-10 00:03:58'),
(760, 245, 'MT', 1, '2023-01-10 00:04:10', '2023-01-10 00:04:10'),
(761, 245, 'Sangu', 2, '2023-01-10 00:04:10', '2023-01-10 00:04:10');
INSERT INTO `absen_kendaraan_keterangan` (`id`, `id_absen_kendaraan`, `nm_keterangan`, `seq`, `created_at`, `updated_at`) VALUES
(762, 245, 'GPS', 3, '2023-01-10 00:04:10', '2023-01-10 00:04:10'),
(763, 246, 'MT', 1, '2023-01-10 00:04:21', '2023-01-10 00:04:21'),
(764, 246, 'Sangu', 2, '2023-01-10 00:04:21', '2023-01-10 00:04:21'),
(765, 246, 'GPS', 3, '2023-01-10 00:04:21', '2023-01-10 00:04:21'),
(766, 247, 'MT', 1, '2023-01-10 00:04:34', '2023-01-10 00:04:34'),
(767, 247, 'Sangu', 2, '2023-01-10 00:04:34', '2023-01-10 00:04:34'),
(768, 247, 'GPS', 3, '2023-01-10 00:04:34', '2023-01-10 00:04:34'),
(769, 248, 'MT', 1, '2023-01-10 00:04:48', '2023-01-10 00:04:48'),
(770, 248, 'Sangu', 2, '2023-01-10 00:04:48', '2023-01-10 00:04:48'),
(771, 248, 'GPS', 3, '2023-01-10 00:04:48', '2023-01-10 00:04:48'),
(772, 249, 'MT', 1, '2023-01-10 00:04:59', '2023-01-10 00:04:59'),
(773, 249, 'Sangu', 2, '2023-01-10 00:04:59', '2023-01-10 00:04:59'),
(774, 249, 'GPS', 3, '2023-01-10 00:04:59', '2023-01-10 00:04:59'),
(775, 250, 'MT', 1, '2023-01-10 00:05:12', '2023-01-10 00:05:12'),
(776, 250, 'Sangu', 2, '2023-01-10 00:05:12', '2023-01-10 00:05:12'),
(777, 250, 'GPS', 3, '2023-01-10 00:05:12', '2023-01-10 00:05:12'),
(778, 251, 'MT', 1, '2023-01-10 00:05:26', '2023-01-10 00:05:26'),
(779, 251, 'Sangu', 2, '2023-01-10 00:05:26', '2023-01-10 00:05:26'),
(780, 251, 'GPS', 3, '2023-01-10 00:05:26', '2023-01-10 00:05:26'),
(781, 252, 'MT', 1, '2023-01-10 00:05:37', '2023-01-10 00:05:37'),
(782, 252, 'Sangu', 2, '2023-01-10 00:05:37', '2023-01-10 00:05:37'),
(783, 252, 'GPS', 3, '2023-01-10 00:05:37', '2023-01-10 00:05:37'),
(784, 253, 'MT', 1, '2023-01-10 00:05:47', '2023-01-10 00:05:47'),
(785, 253, 'Sangu', 2, '2023-01-10 00:05:47', '2023-01-10 00:05:47'),
(786, 253, 'GPS', 3, '2023-01-10 00:05:47', '2023-01-10 00:05:47'),
(787, 254, 'MT', 1, '2023-01-10 00:06:25', '2023-01-10 00:06:25'),
(788, 254, 'Sangu', 2, '2023-01-10 00:06:25', '2023-01-10 00:06:25'),
(789, 254, 'GPS', 3, '2023-01-10 00:06:25', '2023-01-10 00:06:25'),
(790, 255, 'MT', 1, '2023-01-10 00:07:33', '2023-01-10 00:07:33'),
(791, 255, 'Sangu', 2, '2023-01-10 00:07:33', '2023-01-10 00:07:33'),
(792, 255, 'GPS', 3, '2023-01-10 00:07:33', '2023-01-10 00:07:33'),
(793, 256, 'MT', 1, '2023-01-10 00:07:45', '2023-01-10 00:07:45'),
(794, 256, 'Sangu', 2, '2023-01-10 00:07:45', '2023-01-10 00:07:45'),
(795, 256, 'GPS', 3, '2023-01-10 00:07:45', '2023-01-10 00:07:45'),
(796, 257, 'MT', 1, '2023-01-10 00:07:55', '2023-01-10 00:07:55'),
(797, 257, 'Sangu', 2, '2023-01-10 00:07:55', '2023-01-10 00:07:55'),
(798, 257, 'GPS', 3, '2023-01-10 00:07:55', '2023-01-10 00:07:55'),
(799, 258, 'MT', 1, '2023-01-10 00:08:04', '2023-01-10 00:08:04'),
(800, 258, 'Sangu', 2, '2023-01-10 00:08:04', '2023-01-10 00:08:04'),
(801, 258, 'GPS', 3, '2023-01-10 00:08:04', '2023-01-10 00:08:04'),
(802, 259, 'MT', 1, '2023-01-10 00:08:21', '2023-01-10 00:08:21'),
(803, 259, 'Sangu', 2, '2023-01-10 00:08:21', '2023-01-10 00:08:21'),
(804, 259, 'GPS', 3, '2023-01-10 00:08:21', '2023-01-10 00:08:21'),
(805, 260, 'MT', 1, '2023-01-10 00:08:44', '2023-01-10 00:08:44'),
(806, 260, 'Sangu', 2, '2023-01-10 00:08:44', '2023-01-10 00:08:44'),
(807, 260, 'GPS', 3, '2023-01-10 00:08:44', '2023-01-10 00:08:44'),
(808, 261, 'MT', 1, '2023-01-10 00:08:59', '2023-01-10 00:08:59'),
(809, 261, 'Sangu', 2, '2023-01-10 00:08:59', '2023-01-10 00:08:59'),
(810, 261, 'GPS', 3, '2023-01-10 00:08:59', '2023-01-10 00:08:59'),
(811, 262, 'MT', 1, '2023-01-10 00:09:11', '2023-01-10 00:09:11'),
(812, 262, 'Sangu', 2, '2023-01-10 00:09:11', '2023-01-10 00:09:11'),
(813, 262, 'GPS', 3, '2023-01-10 00:09:11', '2023-01-10 00:09:11'),
(814, 263, 'MT', 1, '2023-01-10 00:09:28', '2023-01-10 00:09:28'),
(815, 263, 'Sangu', 2, '2023-01-10 00:09:28', '2023-01-10 00:09:28'),
(816, 263, 'GPS', 3, '2023-01-10 00:09:28', '2023-01-10 00:09:28'),
(817, 264, 'MT', 1, '2023-01-10 00:09:40', '2023-01-10 00:09:40'),
(818, 264, 'Sangu', 2, '2023-01-10 00:09:40', '2023-01-10 00:09:40'),
(819, 264, 'GPS', 3, '2023-01-10 00:09:40', '2023-01-10 00:09:40'),
(820, 265, 'MT', 1, '2023-01-10 00:09:51', '2023-01-10 00:09:51'),
(821, 265, 'Sangu', 2, '2023-01-10 00:09:51', '2023-01-10 00:09:51'),
(822, 265, 'GPS', 3, '2023-01-10 00:09:51', '2023-01-10 00:09:51'),
(823, 266, 'MT', 1, '2023-01-10 00:10:02', '2023-01-10 00:10:02'),
(824, 266, 'Sangu', 2, '2023-01-10 00:10:02', '2023-01-10 00:10:02'),
(825, 266, 'GPS', 3, '2023-01-10 00:10:02', '2023-01-10 00:10:02'),
(826, 267, 'MT', 1, '2023-01-10 00:10:12', '2023-01-10 00:10:12'),
(827, 267, 'Sangu', 2, '2023-01-10 00:10:12', '2023-01-10 00:10:12'),
(828, 267, 'GPS', 3, '2023-01-10 00:10:12', '2023-01-10 00:10:12'),
(829, 268, 'MT', 1, '2023-01-10 00:10:23', '2023-01-10 00:10:23'),
(830, 268, 'Sangu', 2, '2023-01-10 00:10:23', '2023-01-10 00:10:23'),
(831, 268, 'GPS', 3, '2023-01-10 00:10:23', '2023-01-10 00:10:23'),
(832, 269, 'MT', 1, '2023-01-10 00:10:37', '2023-01-10 00:10:37'),
(833, 269, 'Sangu', 2, '2023-01-10 00:10:37', '2023-01-10 00:10:37'),
(834, 269, 'GPS', 3, '2023-01-10 00:10:37', '2023-01-10 00:10:37'),
(835, 270, 'MT', 1, '2023-01-10 00:10:48', '2023-01-10 00:10:48'),
(836, 270, 'Sangu', 2, '2023-01-10 00:10:48', '2023-01-10 00:10:48'),
(837, 270, 'GPS', 3, '2023-01-10 00:10:48', '2023-01-10 00:10:48'),
(838, 271, 'MT', 1, '2023-01-10 00:11:01', '2023-01-10 00:11:01'),
(839, 271, 'Sangu', 2, '2023-01-10 00:11:01', '2023-01-10 00:11:01'),
(840, 271, 'GPS', 3, '2023-01-10 00:11:01', '2023-01-10 00:11:01'),
(841, 272, 'MT', 1, '2023-01-10 00:11:14', '2023-01-10 00:11:14'),
(842, 272, 'Sangu', 2, '2023-01-10 00:11:14', '2023-01-10 00:11:14'),
(843, 272, 'GPS', 3, '2023-01-10 00:11:14', '2023-01-10 00:11:14'),
(844, 273, 'MT', 1, '2023-01-10 00:11:25', '2023-01-10 00:11:25'),
(845, 273, 'Sangu', 2, '2023-01-10 00:11:25', '2023-01-10 00:11:25'),
(846, 273, 'GPS', 3, '2023-01-10 00:11:25', '2023-01-10 00:11:25'),
(847, 274, 'MT', 1, '2023-01-10 00:11:40', '2023-01-10 00:11:40'),
(848, 274, 'Sangu', 2, '2023-01-10 00:11:40', '2023-01-10 00:11:40'),
(849, 274, 'GPS', 3, '2023-01-10 00:11:40', '2023-01-10 00:11:40'),
(850, 275, 'MT', 1, '2023-01-10 00:11:52', '2023-01-10 00:11:52'),
(851, 275, 'Sangu', 2, '2023-01-10 00:11:52', '2023-01-10 00:11:52'),
(852, 275, 'GPS', 3, '2023-01-10 00:11:52', '2023-01-10 00:11:52'),
(853, 276, 'MT', 1, '2023-01-10 00:12:05', '2023-01-10 00:12:05'),
(854, 276, 'Sangu', 2, '2023-01-10 00:12:05', '2023-01-10 00:12:05'),
(855, 276, 'GPS', 3, '2023-01-10 00:12:05', '2023-01-10 00:12:05'),
(856, 277, 'MT', 1, '2023-01-10 00:12:57', '2023-01-10 00:12:57'),
(857, 277, 'Sangu', 2, '2023-01-10 00:12:57', '2023-01-10 00:12:57'),
(858, 277, 'GPS', 3, '2023-01-10 00:12:57', '2023-01-10 00:12:57'),
(859, 278, 'MT', 1, '2023-01-10 00:13:09', '2023-01-10 00:13:09'),
(860, 278, 'Sangu', 2, '2023-01-10 00:13:09', '2023-01-10 00:13:09'),
(861, 278, 'GPS', 3, '2023-01-10 00:13:09', '2023-01-10 00:13:09'),
(862, 279, 'MT', 1, '2023-01-10 00:13:23', '2023-01-10 00:13:23'),
(863, 279, 'Sangu', 2, '2023-01-10 00:13:23', '2023-01-10 00:13:23'),
(864, 279, 'GPS', 3, '2023-01-10 00:13:23', '2023-01-10 00:13:23'),
(865, 280, 'MT', 1, '2023-01-10 00:13:33', '2023-01-10 00:13:33'),
(866, 280, 'Sangu', 2, '2023-01-10 00:13:33', '2023-01-10 00:13:33'),
(867, 280, 'GPS', 3, '2023-01-10 00:13:33', '2023-01-10 00:13:33'),
(868, 281, 'MT', 1, '2023-01-10 00:13:43', '2023-01-10 00:13:43'),
(869, 281, 'Sangu', 2, '2023-01-10 00:13:43', '2023-01-10 00:13:43'),
(870, 281, 'GPS', 3, '2023-01-10 00:13:43', '2023-01-10 00:13:43'),
(871, 282, 'MT', 1, '2023-01-10 00:13:55', '2023-01-10 00:13:55'),
(872, 282, 'Sangu', 2, '2023-01-10 00:13:55', '2023-01-10 00:13:55'),
(873, 282, 'GPS', 3, '2023-01-10 00:13:55', '2023-01-10 00:13:55'),
(874, 283, 'MT', 1, '2023-01-10 00:14:06', '2023-01-10 00:14:06'),
(875, 283, 'Sangu', 2, '2023-01-10 00:14:06', '2023-01-10 00:14:06'),
(876, 283, 'GPS', 3, '2023-01-10 00:14:06', '2023-01-10 00:14:06'),
(877, 284, 'MT', 1, '2023-01-10 00:14:16', '2023-01-10 00:14:16'),
(878, 284, 'Sangu', 2, '2023-01-10 00:14:16', '2023-01-10 00:14:16'),
(879, 284, 'GPS', 3, '2023-01-10 00:14:16', '2023-01-10 00:14:16'),
(880, 285, 'MT', 1, '2023-01-10 00:14:29', '2023-01-10 00:14:29'),
(881, 285, 'Sangu', 2, '2023-01-10 00:14:29', '2023-01-10 00:14:29'),
(882, 285, 'GPS', 3, '2023-01-10 00:14:29', '2023-01-10 00:14:29'),
(883, 286, 'MT', 1, '2023-01-10 00:14:39', '2023-01-10 00:14:39'),
(884, 286, 'Sangu', 2, '2023-01-10 00:14:39', '2023-01-10 00:14:39'),
(885, 286, 'GPS', 3, '2023-01-10 00:14:39', '2023-01-10 00:14:39'),
(886, 287, 'MT', 1, '2023-01-10 00:14:51', '2023-01-10 00:14:51'),
(887, 287, 'Sangu', 2, '2023-01-10 00:14:51', '2023-01-10 00:14:51'),
(888, 287, 'GPS', 3, '2023-01-10 00:14:51', '2023-01-10 00:14:51'),
(889, 288, 'MT', 1, '2023-01-10 00:14:52', '2023-01-10 00:14:52'),
(890, 288, 'Sangu', 2, '2023-01-10 00:14:52', '2023-01-10 00:14:52'),
(891, 288, 'GPS', 3, '2023-01-10 00:14:52', '2023-01-10 00:14:52'),
(892, 289, 'MT', 1, '2023-01-10 00:15:04', '2023-01-10 00:15:04'),
(893, 289, 'Sangu', 2, '2023-01-10 00:15:04', '2023-01-10 00:15:04'),
(894, 289, 'GPS', 3, '2023-01-10 00:15:04', '2023-01-10 00:15:04'),
(895, 290, 'MT', 1, '2023-01-10 00:15:18', '2023-01-10 00:15:18'),
(896, 290, 'Sangu', 2, '2023-01-10 00:15:18', '2023-01-10 00:15:18'),
(897, 290, 'GPS', 3, '2023-01-10 00:15:18', '2023-01-10 00:15:18'),
(898, 291, 'MT', 1, '2023-01-10 00:15:29', '2023-01-10 00:15:29'),
(899, 291, 'Sangu', 2, '2023-01-10 00:15:29', '2023-01-10 00:15:29'),
(900, 291, 'GPS', 3, '2023-01-10 00:15:29', '2023-01-10 00:15:29'),
(901, 292, 'MT', 1, '2023-01-10 00:15:37', '2023-01-10 00:15:37'),
(902, 292, 'Sangu', 2, '2023-01-10 00:15:37', '2023-01-10 00:15:37'),
(903, 292, 'GPS', 3, '2023-01-10 00:15:37', '2023-01-10 00:15:37'),
(904, 293, 'MT', 1, '2023-01-10 00:16:20', '2023-01-10 00:16:20'),
(905, 293, 'Sangu', 2, '2023-01-10 00:16:20', '2023-01-10 00:16:20'),
(906, 293, 'GPS', 3, '2023-01-10 00:16:20', '2023-01-10 00:16:20'),
(907, 294, 'MT', 1, '2023-01-10 00:16:27', '2023-01-10 00:16:27'),
(908, 294, 'Sangu', 2, '2023-01-10 00:16:27', '2023-01-10 00:16:27'),
(909, 294, 'GPS', 3, '2023-01-10 00:16:27', '2023-01-10 00:16:27'),
(910, 295, 'MT', 1, '2023-01-10 00:16:35', '2023-01-10 00:16:35'),
(911, 295, 'Sangu', 2, '2023-01-10 00:16:35', '2023-01-10 00:16:35'),
(912, 295, 'GPS', 3, '2023-01-10 00:16:35', '2023-01-10 00:16:35'),
(913, 296, 'MT', 1, '2023-01-10 00:16:43', '2023-01-10 00:16:43'),
(914, 296, 'Sangu', 2, '2023-01-10 00:16:43', '2023-01-10 00:16:43'),
(915, 296, 'GPS', 3, '2023-01-10 00:16:43', '2023-01-10 00:16:43'),
(916, 297, 'MT', 1, '2023-01-10 00:16:51', '2023-01-10 00:16:51'),
(917, 297, 'Sangu', 2, '2023-01-10 00:16:51', '2023-01-10 00:16:51'),
(918, 297, 'GPS', 3, '2023-01-10 00:16:51', '2023-01-10 00:16:51'),
(919, 298, 'MT', 1, '2023-01-10 00:17:00', '2023-01-10 00:17:00'),
(920, 298, 'Sangu', 2, '2023-01-10 00:17:00', '2023-01-10 00:17:00'),
(921, 298, 'GPS', 3, '2023-01-10 00:17:00', '2023-01-10 00:17:00'),
(922, 299, 'MT', 1, '2023-01-10 00:17:07', '2023-01-10 00:17:07'),
(923, 299, 'Sangu', 2, '2023-01-10 00:17:07', '2023-01-10 00:17:07'),
(924, 299, 'GPS', 3, '2023-01-10 00:17:07', '2023-01-10 00:17:07'),
(925, 300, 'MT', 1, '2023-01-10 00:17:16', '2023-01-10 00:17:16'),
(926, 300, 'Sangu', 2, '2023-01-10 00:17:16', '2023-01-10 00:17:16'),
(927, 300, 'GPS', 3, '2023-01-10 00:17:16', '2023-01-10 00:17:16'),
(928, 301, 'MT', 1, '2023-01-10 00:17:25', '2023-01-10 00:17:25'),
(929, 301, 'Sangu', 2, '2023-01-10 00:17:25', '2023-01-10 00:17:25'),
(930, 301, 'GPS', 3, '2023-01-10 00:17:25', '2023-01-10 00:17:25'),
(931, 302, 'MT', 1, '2023-01-10 00:17:35', '2023-01-10 00:17:35'),
(932, 302, 'Sangu', 2, '2023-01-10 00:17:35', '2023-01-10 00:17:35'),
(933, 302, 'GPS', 3, '2023-01-10 00:17:35', '2023-01-10 00:17:35'),
(934, 303, 'MT', 1, '2023-01-10 00:17:43', '2023-01-10 00:17:43'),
(935, 303, 'Sangu', 2, '2023-01-10 00:17:43', '2023-01-10 00:17:43'),
(936, 303, 'GPS', 3, '2023-01-10 00:17:43', '2023-01-10 00:17:43'),
(937, 304, 'MT', 1, '2023-01-10 00:18:18', '2023-01-10 00:18:18'),
(938, 304, 'Sangu', 2, '2023-01-10 00:18:18', '2023-01-10 00:18:18'),
(939, 304, 'GPS', 3, '2023-01-10 00:18:18', '2023-01-10 00:18:18'),
(940, 305, 'MT', 1, '2023-01-10 00:18:23', '2023-01-10 00:18:23'),
(941, 305, 'Sangu', 2, '2023-01-10 00:18:23', '2023-01-10 00:18:23'),
(942, 305, 'GPS', 3, '2023-01-10 00:18:23', '2023-01-10 00:18:23'),
(943, 306, 'MT', 1, '2023-01-10 00:19:00', '2023-01-10 00:19:00'),
(944, 306, 'Sangu', 2, '2023-01-10 00:19:00', '2023-01-10 00:19:00'),
(945, 306, 'GPS', 3, '2023-01-10 00:19:00', '2023-01-10 00:19:00'),
(946, 307, 'MT', 1, '2023-01-10 00:19:11', '2023-01-10 00:19:11'),
(947, 307, 'Sangu', 2, '2023-01-10 00:19:11', '2023-01-10 00:19:11'),
(948, 307, 'GPS', 3, '2023-01-10 00:19:11', '2023-01-10 00:19:11'),
(949, 308, 'MT', 1, '2023-01-10 00:19:22', '2023-01-10 00:19:22'),
(950, 308, 'Sangu', 2, '2023-01-10 00:19:22', '2023-01-10 00:19:22'),
(951, 308, 'GPS', 3, '2023-01-10 00:19:22', '2023-01-10 00:19:22'),
(952, 309, 'MT', 1, '2023-01-10 00:19:37', '2023-01-10 00:19:37'),
(953, 309, 'Sangu', 2, '2023-01-10 00:19:37', '2023-01-10 00:19:37'),
(954, 309, 'GPS', 3, '2023-01-10 00:19:37', '2023-01-10 00:19:37'),
(955, 310, 'MT', 1, '2023-01-10 00:19:49', '2023-01-10 00:19:49'),
(956, 310, 'Sangu', 2, '2023-01-10 00:19:49', '2023-01-10 00:19:49'),
(957, 310, 'GPS', 3, '2023-01-10 00:19:49', '2023-01-10 00:19:49'),
(958, 311, 'MT', 1, '2023-01-10 00:20:05', '2023-01-10 00:20:05'),
(959, 311, 'Sangu', 2, '2023-01-10 00:20:05', '2023-01-10 00:20:05'),
(960, 311, 'GPS', 3, '2023-01-10 00:20:05', '2023-01-10 00:20:05'),
(961, 312, 'MT', 1, '2023-01-10 00:20:16', '2023-01-10 00:20:16'),
(962, 312, 'Sangu', 2, '2023-01-10 00:20:16', '2023-01-10 00:20:16'),
(963, 312, 'GPS', 3, '2023-01-10 00:20:16', '2023-01-10 00:20:16'),
(964, 313, 'MT', 1, '2023-01-10 00:20:27', '2023-01-10 00:20:27'),
(965, 313, 'Sangu', 2, '2023-01-10 00:20:27', '2023-01-10 00:20:27'),
(966, 313, 'GPS', 3, '2023-01-10 00:20:27', '2023-01-10 00:20:27'),
(967, 314, 'MT', 1, '2023-01-10 00:20:47', '2023-01-10 00:20:47'),
(968, 314, 'Sangu', 2, '2023-01-10 00:20:47', '2023-01-10 00:20:47'),
(969, 314, 'GPS', 3, '2023-01-10 00:20:47', '2023-01-10 00:20:47'),
(970, 315, 'MT', 1, '2023-01-10 00:21:51', '2023-01-10 00:21:51'),
(971, 315, 'Sangu', 2, '2023-01-10 00:21:51', '2023-01-10 00:21:51'),
(972, 315, 'GPS', 3, '2023-01-10 00:21:51', '2023-01-10 00:21:51'),
(973, 316, 'MT', 1, '2023-01-10 00:22:02', '2023-01-10 00:22:02'),
(974, 316, 'Sangu', 2, '2023-01-10 00:22:02', '2023-01-10 00:22:02'),
(975, 316, 'GPS', 3, '2023-01-10 00:22:02', '2023-01-10 00:22:02'),
(976, 317, 'MT', 1, '2023-01-10 00:22:11', '2023-01-10 00:22:11'),
(977, 317, 'Sangu', 2, '2023-01-10 00:22:11', '2023-01-10 00:22:11'),
(978, 317, 'GPS', 3, '2023-01-10 00:22:11', '2023-01-10 00:22:11'),
(979, 318, 'MT', 1, '2023-01-10 00:22:21', '2023-01-10 00:22:21'),
(980, 318, 'Sangu', 2, '2023-01-10 00:22:21', '2023-01-10 00:22:21'),
(981, 318, 'GPS', 3, '2023-01-10 00:22:21', '2023-01-10 00:22:21'),
(982, 319, 'MT', 1, '2023-01-10 00:22:28', '2023-01-10 00:22:28'),
(983, 319, 'Sangu', 2, '2023-01-10 00:22:28', '2023-01-10 00:22:28'),
(984, 319, 'GPS', 3, '2023-01-10 00:22:28', '2023-01-10 00:22:28'),
(985, 320, 'MT', 1, '2023-01-10 00:22:36', '2023-01-10 00:22:36'),
(986, 320, 'Sangu', 2, '2023-01-10 00:22:36', '2023-01-10 00:22:36'),
(987, 320, 'GPS', 3, '2023-01-10 00:22:36', '2023-01-10 00:22:36'),
(988, 321, 'MT', 1, '2023-01-10 00:22:45', '2023-01-10 00:22:45'),
(989, 321, 'Sangu', 2, '2023-01-10 00:22:45', '2023-01-10 00:22:45'),
(990, 321, 'GPS', 3, '2023-01-10 00:22:45', '2023-01-10 00:22:45'),
(991, 322, 'MT', 1, '2023-01-10 00:22:54', '2023-01-10 00:22:54'),
(992, 322, 'Sangu', 2, '2023-01-10 00:22:54', '2023-01-10 00:22:54'),
(993, 322, 'GPS', 3, '2023-01-10 00:22:54', '2023-01-10 00:22:54'),
(994, 323, 'MT', 1, '2023-01-10 00:23:02', '2023-01-10 00:23:02'),
(995, 323, 'Sangu', 2, '2023-01-10 00:23:02', '2023-01-10 00:23:02'),
(996, 323, 'GPS', 3, '2023-01-10 00:23:02', '2023-01-10 00:23:02'),
(997, 324, 'MT', 1, '2023-01-10 00:23:09', '2023-01-10 00:23:09'),
(998, 324, 'Sangu', 2, '2023-01-10 00:23:09', '2023-01-10 00:23:09'),
(999, 324, 'GPS', 3, '2023-01-10 00:23:09', '2023-01-10 00:23:09'),
(1000, 325, 'MT', 1, '2023-01-10 00:23:30', '2023-01-10 00:23:30'),
(1001, 325, 'Sangu', 2, '2023-01-10 00:23:30', '2023-01-10 00:23:30'),
(1002, 325, 'GPS', 3, '2023-01-10 00:23:30', '2023-01-10 00:23:30'),
(1003, 326, 'MT', 1, '2023-01-10 00:23:42', '2023-01-10 00:23:42'),
(1004, 326, 'Sangu', 2, '2023-01-10 00:23:42', '2023-01-10 00:23:42'),
(1005, 326, 'GPS', 3, '2023-01-10 00:23:42', '2023-01-10 00:23:42'),
(1006, 327, 'MT', 1, '2023-01-10 00:24:04', '2023-01-10 00:24:04'),
(1007, 327, 'Sangu', 2, '2023-01-10 00:24:04', '2023-01-10 00:24:04'),
(1008, 327, 'GPS', 3, '2023-01-10 00:24:04', '2023-01-10 00:24:04'),
(1009, 328, 'MT', 1, '2023-01-10 00:24:13', '2023-01-10 00:24:13'),
(1010, 328, 'Sangu', 2, '2023-01-10 00:24:13', '2023-01-10 00:24:13'),
(1011, 328, 'GPS', 3, '2023-01-10 00:24:13', '2023-01-10 00:24:13'),
(1012, 329, 'MT', 1, '2023-01-10 00:24:31', '2023-01-10 00:24:31'),
(1013, 329, 'Sangu', 2, '2023-01-10 00:24:31', '2023-01-10 00:24:31'),
(1014, 329, 'GPS', 3, '2023-01-10 00:24:31', '2023-01-10 00:24:31'),
(1015, 330, 'MT', 1, '2023-01-10 00:24:42', '2023-01-10 00:24:42'),
(1016, 330, 'Sangu', 2, '2023-01-10 00:24:42', '2023-01-10 00:24:42'),
(1017, 330, 'GPS', 3, '2023-01-10 00:24:42', '2023-01-10 00:24:42'),
(1018, 331, 'MT', 1, '2023-01-10 00:25:15', '2023-01-10 00:25:15'),
(1019, 331, 'Sangu', 2, '2023-01-10 00:25:15', '2023-01-10 00:25:15'),
(1020, 331, 'GPS', 3, '2023-01-10 00:25:15', '2023-01-10 00:25:15'),
(1021, 332, 'MT', 1, '2023-01-10 00:25:26', '2023-01-10 00:25:26'),
(1022, 332, 'Sangu', 2, '2023-01-10 00:25:26', '2023-01-10 00:25:26'),
(1023, 332, 'GPS', 3, '2023-01-10 00:25:26', '2023-01-10 00:25:26');

-- --------------------------------------------------------

--
-- Table structure for table `absen_kendaraan_saldo`
--

CREATE TABLE `absen_kendaraan_saldo` (
  `id` bigint(20) UNSIGNED NOT NULL,
  `id_absen_kendaraan` bigint(20) NOT NULL,
  `id_absen_kendaraan_keterangan` bigint(20) NOT NULL,
  `saldo` double NOT NULL,
  `created_at` timestamp NULL DEFAULT NULL,
  `updated_at` timestamp NULL DEFAULT NULL
) ENGINE=InnoDB DEFAULT CHARSET=utf8mb4 COLLATE=utf8mb4_unicode_ci;

-- --------------------------------------------------------

--
-- Table structure for table `daerah`
--

CREATE TABLE `daerah` (
  `id` bigint(20) UNSIGNED NOT NULL,
  `nm_daerah` varchar(255) COLLATE utf8mb4_unicode_ci NOT NULL,
  `code_daerah` varchar(255) COLLATE utf8mb4_unicode_ci NOT NULL,
  `nm_instansi` varchar(255) COLLATE utf8mb4_unicode_ci DEFAULT NULL,
  `created_at` timestamp NULL DEFAULT NULL,
  `updated_at` timestamp NULL DEFAULT NULL
) ENGINE=InnoDB DEFAULT CHARSET=utf8mb4 COLLATE=utf8mb4_unicode_ci;

--
-- Dumping data for table `daerah`
--

INSERT INTO `daerah` (`id`, `nm_daerah`, `code_daerah`, `nm_instansi`, `created_at`, `updated_at`) VALUES
(1, 'Gorontalo', 'gorontalo', 'SLN', '2022-09-25 12:10:53', '2022-09-25 12:10:57'),
(2, 'Bontang', 'bontang', 'SLN', '2022-09-25 12:10:53', '2022-09-25 12:10:57'),
(3, 'Samarinda', 'samarinda', 'SLN', '2022-09-25 12:10:53', '2022-09-25 12:10:57'),
(4, 'Lombok', 'lombok', 'SLN', '2022-09-25 12:10:53', '2022-09-25 12:10:57'),
(5, 'Manado', 'manado', 'SLN', '2022-09-25 12:10:53', '2022-09-25 12:10:57'),
(6, 'Makassar', 'makassar', 'SLN', '2022-09-25 12:10:53', '2022-09-25 12:10:57'),
(7, 'Mks-Pare', 'mks-pare', 'SLN', '2022-09-25 12:10:53', '2022-09-25 12:10:57'),
(8, 'Gowa', 'gowa', 'SLN', '2022-09-25 12:10:53', '2022-09-25 12:10:57'),
(9, 'Bantaeng', 'bantaeng', 'SLN', '2022-09-25 12:10:53', '2022-09-25 12:10:57'),
(10, 'Kupang', 'kupang', 'SLN', '2022-09-25 12:10:53', '2022-09-25 12:10:57'),
(11, 'Labuan Bajo', 'labuan-bajo', 'SLN', '2022-09-25 12:10:53', '2022-09-25 12:10:57'),
(12, 'Ruteng', 'ruteng', 'SLN', '2022-09-25 12:10:53', '2022-09-25 12:10:57'),
(13, 'Balikpapan', 'balikpapan', 'SLN', '2022-09-25 12:10:53', '2022-09-25 12:10:57'),
(14, 'Batulicin', 'batulicin', 'SLN', '2022-09-25 12:10:53', '2022-09-25 12:10:57'),
(15, 'Banjarmasin', 'banjarmasin', 'SLN', '2022-09-25 12:12:10', '2022-09-25 12:12:13'),
(16, 'Kendari', 'kendari', 'SLN', '2022-09-25 12:12:10', '2022-09-25 12:12:13'),
(17, 'SN-JKT', 'sn-jkt', 'SLN', '2022-09-25 12:12:10', '2022-09-25 12:12:13'),
(18, 'Pekanbaru', 'pekanbaru', 'SLN', '2022-09-25 12:12:10', '2022-09-25 12:12:13'),
(19, 'Ende', 'ende', 'SLN', '2022-09-25 12:12:10', '2022-09-25 12:12:13'),
(20, 'Atambua', 'atambua', 'SLN', '2022-09-25 12:12:10', '2022-09-25 12:12:13'),
(21, 'Kuala Tanjung', 'kuala-tanjung', 'SLN', '2022-09-25 12:12:10', '2022-09-25 12:12:13'),
(22, 'Perak 40', 'perak-40', 'SLN', '2022-10-09 14:46:42', '2022-10-09 14:46:46'),
(23, 'LK-CH', 'lk-ch', 'SLN', '2022-10-09 14:47:06', '2022-10-09 14:47:10'),
(24, 'Perak 20', 'perak-20', 'SLN', '2022-10-09 14:47:40', '2022-10-09 14:47:44'),
(25, 'Minyak', 'minyak', 'SLN', '2022-09-25 12:10:53', '2022-09-25 12:10:57'),
(26, 'Bangil', 'bangil', 'SLI', '2022-10-09 17:01:59', '2022-10-09 17:02:03'),
(27, 'Edy Kota', 'edy-kota', 'SLI', '2022-10-09 17:02:06', '2022-10-09 17:02:09'),
(28, 'SMK 2', 'smk-2', 'SLI', '2022-10-09 17:02:25', '2022-10-09 17:02:29'),
(29, 'SMG Slipsheet', 'smg-slipsheet', 'SLI', '2022-09-25 12:10:53', '2022-09-25 12:10:57'),
(30, 'Wingsbox Ale', 'wb-ale', 'SLI', '2022-09-25 12:10:53', '2022-09-25 12:10:57'),
(31, 'Wingsbox Sabun', 'wb-sabun', 'SLI', '2022-09-25 12:10:53', '2022-09-25 12:10:57'),
(32, 'Wingsbox Mie', 'wb-mie', 'SLI', '2022-09-25 12:10:53', '2022-09-25 12:10:57'),
(33, 'Wingsbox Jakarta', 'wb-jakarta', 'SLI', '2022-09-25 12:10:53', '2022-09-25 12:10:57'),
(34, 'Gowa SLI', 'gowa-sli', 'SLI', '2022-09-25 12:10:53', '2022-09-25 12:10:57'),
(35, 'Yuli', 'yuli', 'SLI', '2022-09-25 12:10:53', '2022-09-25 12:10:57'),
(36, 'Harianto', 'harianto', 'SLI', '2022-09-25 12:10:53', '2022-09-25 12:10:57'),
(37, 'Perak Ale-Sabun', 'prk-ale-sabun', 'SLI', '2022-09-25 12:10:53', '2022-09-25 12:10:57'),
(38, 'Ekor Pendek', 'ekor-pendek', 'SLI', '2022-09-25 12:10:53', '2022-09-25 12:10:57'),
(39, '1 Ekor Mie', '1-ekor-mie', 'SLI', '2022-09-25 12:10:53', '2022-09-25 12:10:57'),
(40, 'Semarang', 'semarang', 'SLI', '2022-09-25 12:10:53', '2022-09-25 12:10:57'),
(41, 'Gandengan', 'gandengan', 'SLI', '2022-09-25 12:10:53', '2022-09-25 12:10:57'),
(42, 'Ice Cream SMG', 'ice-cream-smg', 'SLI', '2022-09-25 12:10:53', '2022-09-25 12:10:57'),
(43, 'Ice Cream', 'ice-cream', 'SLI', '2022-09-25 12:10:53', '2022-09-25 12:10:57'),
(44, 'Dump Truck', 'dump-truck', 'SLI', '2022-09-25 12:10:53', '2022-09-25 12:10:57');

-- --------------------------------------------------------

--
-- Table structure for table `failed_jobs`
--

CREATE TABLE `failed_jobs` (
  `id` bigint(20) UNSIGNED NOT NULL,
  `uuid` varchar(255) COLLATE utf8mb4_unicode_ci NOT NULL,
  `connection` text COLLATE utf8mb4_unicode_ci NOT NULL,
  `queue` text COLLATE utf8mb4_unicode_ci NOT NULL,
  `payload` longtext COLLATE utf8mb4_unicode_ci NOT NULL,
  `exception` longtext COLLATE utf8mb4_unicode_ci NOT NULL,
  `failed_at` timestamp NOT NULL DEFAULT current_timestamp()
) ENGINE=InnoDB DEFAULT CHARSET=utf8mb4 COLLATE=utf8mb4_unicode_ci;

-- --------------------------------------------------------

--
-- Table structure for table `migrations`
--

CREATE TABLE `migrations` (
  `id` int(10) UNSIGNED NOT NULL,
  `migration` varchar(255) COLLATE utf8mb4_unicode_ci NOT NULL,
  `batch` int(11) NOT NULL
) ENGINE=InnoDB DEFAULT CHARSET=utf8mb4 COLLATE=utf8mb4_unicode_ci;

--
-- Dumping data for table `migrations`
--

INSERT INTO `migrations` (`id`, `migration`, `batch`) VALUES
(1, '2014_10_12_000000_create_users_table', 1),
(2, '2014_10_12_100000_create_password_resets_table', 1),
(3, '2019_08_19_000000_create_failed_jobs_table', 1),
(4, '2019_12_14_000001_create_personal_access_tokens_table', 1),
(7, '2022_09_18_141529_create_symbol_table', 1),
(10, '2022_09_22_071032_create_absen_kendaraan_keterangan_table', 1),
(12, '2022_09_18_140033_create_absen_kendaraan_detail_table', 2),
(13, '2022_09_18_141758_create_absen_kendaraan_saldo_table', 2),
(14, '2022_09_18_142105_create_daerah_table', 3),
(15, '2022_09_18_134433_create_absen_kendaraan_table', 4),
(16, '2022_10_09_145925_add_display_name_user_table', 5),
(17, '2022_10_09_164052_add_nm_instansi_daerah_table', 6),
(18, '2022_10_09_164428_rename_column_role_user_table', 7),
(19, '2022_10_09_171457_add_value_symbol_table', 8);

-- --------------------------------------------------------

--
-- Table structure for table `password_resets`
--

CREATE TABLE `password_resets` (
  `email` varchar(255) COLLATE utf8mb4_unicode_ci NOT NULL,
  `token` varchar(255) COLLATE utf8mb4_unicode_ci NOT NULL,
  `created_at` timestamp NULL DEFAULT NULL
) ENGINE=InnoDB DEFAULT CHARSET=utf8mb4 COLLATE=utf8mb4_unicode_ci;

-- --------------------------------------------------------

--
-- Table structure for table `personal_access_tokens`
--

CREATE TABLE `personal_access_tokens` (
  `id` bigint(20) UNSIGNED NOT NULL,
  `tokenable_type` varchar(255) COLLATE utf8mb4_unicode_ci NOT NULL,
  `tokenable_id` bigint(20) UNSIGNED NOT NULL,
  `name` varchar(255) COLLATE utf8mb4_unicode_ci NOT NULL,
  `token` varchar(64) COLLATE utf8mb4_unicode_ci NOT NULL,
  `abilities` text COLLATE utf8mb4_unicode_ci DEFAULT NULL,
  `last_used_at` timestamp NULL DEFAULT NULL,
  `expires_at` timestamp NULL DEFAULT NULL,
  `created_at` timestamp NULL DEFAULT NULL,
  `updated_at` timestamp NULL DEFAULT NULL
) ENGINE=InnoDB DEFAULT CHARSET=utf8mb4 COLLATE=utf8mb4_unicode_ci;

-- --------------------------------------------------------

--
-- Table structure for table `symbol`
--

CREATE TABLE `symbol` (
  `id` bigint(20) UNSIGNED NOT NULL,
  `nm_symbol` varchar(255) COLLATE utf8mb4_unicode_ci NOT NULL,
  `ket_symbol` varchar(255) COLLATE utf8mb4_unicode_ci NOT NULL,
  `warna_symbol` varchar(255) COLLATE utf8mb4_unicode_ci NOT NULL,
  `value` varchar(255) COLLATE utf8mb4_unicode_ci DEFAULT NULL,
  `created_at` timestamp NULL DEFAULT NULL,
  `updated_at` timestamp NULL DEFAULT NULL
) ENGINE=InnoDB DEFAULT CHARSET=utf8mb4 COLLATE=utf8mb4_unicode_ci;

--
-- Dumping data for table `symbol`
--

INSERT INTO `symbol` (`id`, `nm_symbol`, `ket_symbol`, `warna_symbol`, `value`, `created_at`, `updated_at`) VALUES
(15, '0', 'Tidak Ada DO', '#ffc000', NULL, '2023-01-06 23:27:21', '2023-01-06 23:27:21'),
(16, 'izin', 'Supir Izin', '#c6e0b4', NULL, '2023-01-06 23:28:43', '2023-01-06 23:28:43'),
(17, 'x', 'Mobil Rusak', '#dc5255', NULL, '2023-01-06 23:29:15', '2023-01-06 23:29:15'),
(18, '?', 'Tidak Ada Supir', '#85bd5f', NULL, '2023-01-06 23:29:56', '2023-01-06 23:29:56'),
(19, '#', 'Bongkar', '#9bc2e6', NULL, '2023-01-06 23:30:29', '2023-01-06 23:30:29'),
(20, 'Libur', 'Hari Libur', '#ffe699', NULL, '2023-01-06 23:31:05', '2023-01-06 23:31:05'),
(21, '-', 'Mobil Tidak Jalan', '#8160ac', NULL, '2023-01-06 23:31:44', '2023-01-06 23:31:44'),
(22, 'x', 'GPS Rusak', '#5b9bd5', NULL, '2023-01-06 23:32:17', '2023-01-06 23:32:17'),
(24, 'e', 'GPS Error', '#bdd7ee', '0', '2023-01-06 23:33:26', '2023-01-06 23:33:26'),
(25, '0', 'idle', '#aeaaaa', NULL, '2023-01-06 23:34:09', '2023-01-06 23:34:09'),
(26, 'warna', 'Tabel Putih', '#ffffff', NULL, '2023-01-06 23:35:05', '2023-01-06 23:35:05');

-- --------------------------------------------------------

--
-- Table structure for table `user`
--

CREATE TABLE `user` (
  `id` bigint(20) UNSIGNED NOT NULL,
  `username` varchar(255) COLLATE utf8mb4_unicode_ci NOT NULL,
  `display_name` varchar(255) COLLATE utf8mb4_unicode_ci NOT NULL,
  `password` varchar(255) COLLATE utf8mb4_unicode_ci NOT NULL,
  `instansi` varchar(255) COLLATE utf8mb4_unicode_ci NOT NULL,
  `created_at` timestamp NULL DEFAULT NULL,
  `updated_at` timestamp NULL DEFAULT NULL
) ENGINE=InnoDB DEFAULT CHARSET=utf8mb4 COLLATE=utf8mb4_unicode_ci;

--
-- Dumping data for table `user`
--

INSERT INTO `user` (`id`, `username`, `display_name`, `password`, `instansi`, `created_at`, `updated_at`) VALUES
(1, 'SLN', 'TIM SLN', '$2a$12$DjuK/zBlnKgDHzlVnaDy1.5Ckf7L5ikAWu4X7zeFqczWjk1Ayc5XC', 'SLN', NULL, NULL),
(2, 'SLI', 'TIM SLI', '$2a$12$UJxz4ioTQFGKHkaDFfhse.I7Pj8PC9gzSooLjOnINlaEqR4r9Djmi', 'SLI', NULL, NULL);

--
-- Indexes for dumped tables
--

--
-- Indexes for table `absen_kendaraan`
--
ALTER TABLE `absen_kendaraan`
  ADD PRIMARY KEY (`id`);

--
-- Indexes for table `absen_kendaraan_detail`
--
ALTER TABLE `absen_kendaraan_detail`
  ADD PRIMARY KEY (`id`);

--
-- Indexes for table `absen_kendaraan_keterangan`
--
ALTER TABLE `absen_kendaraan_keterangan`
  ADD PRIMARY KEY (`id`);

--
-- Indexes for table `absen_kendaraan_saldo`
--
ALTER TABLE `absen_kendaraan_saldo`
  ADD PRIMARY KEY (`id`);

--
-- Indexes for table `daerah`
--
ALTER TABLE `daerah`
  ADD PRIMARY KEY (`id`);

--
-- Indexes for table `failed_jobs`
--
ALTER TABLE `failed_jobs`
  ADD PRIMARY KEY (`id`),
  ADD UNIQUE KEY `failed_jobs_uuid_unique` (`uuid`);

--
-- Indexes for table `migrations`
--
ALTER TABLE `migrations`
  ADD PRIMARY KEY (`id`);

--
-- Indexes for table `password_resets`
--
ALTER TABLE `password_resets`
  ADD KEY `password_resets_email_index` (`email`);

--
-- Indexes for table `personal_access_tokens`
--
ALTER TABLE `personal_access_tokens`
  ADD PRIMARY KEY (`id`),
  ADD UNIQUE KEY `personal_access_tokens_token_unique` (`token`),
  ADD KEY `personal_access_tokens_tokenable_type_tokenable_id_index` (`tokenable_type`,`tokenable_id`);

--
-- Indexes for table `symbol`
--
ALTER TABLE `symbol`
  ADD PRIMARY KEY (`id`);

--
-- Indexes for table `user`
--
ALTER TABLE `user`
  ADD PRIMARY KEY (`id`);

--
-- AUTO_INCREMENT for dumped tables
--

--
-- AUTO_INCREMENT for table `absen_kendaraan`
--
ALTER TABLE `absen_kendaraan`
  MODIFY `id` bigint(20) UNSIGNED NOT NULL AUTO_INCREMENT, AUTO_INCREMENT=333;

--
-- AUTO_INCREMENT for table `absen_kendaraan_detail`
--
ALTER TABLE `absen_kendaraan_detail`
  MODIFY `id` bigint(20) UNSIGNED NOT NULL AUTO_INCREMENT, AUTO_INCREMENT=277;

--
-- AUTO_INCREMENT for table `absen_kendaraan_keterangan`
--
ALTER TABLE `absen_kendaraan_keterangan`
  MODIFY `id` bigint(20) UNSIGNED NOT NULL AUTO_INCREMENT, AUTO_INCREMENT=1024;

--
-- AUTO_INCREMENT for table `absen_kendaraan_saldo`
--
ALTER TABLE `absen_kendaraan_saldo`
  MODIFY `id` bigint(20) UNSIGNED NOT NULL AUTO_INCREMENT, AUTO_INCREMENT=7;

--
-- AUTO_INCREMENT for table `daerah`
--
ALTER TABLE `daerah`
  MODIFY `id` bigint(20) UNSIGNED NOT NULL AUTO_INCREMENT, AUTO_INCREMENT=45;

--
-- AUTO_INCREMENT for table `failed_jobs`
--
ALTER TABLE `failed_jobs`
  MODIFY `id` bigint(20) UNSIGNED NOT NULL AUTO_INCREMENT;

--
-- AUTO_INCREMENT for table `migrations`
--
ALTER TABLE `migrations`
  MODIFY `id` int(10) UNSIGNED NOT NULL AUTO_INCREMENT, AUTO_INCREMENT=20;

--
-- AUTO_INCREMENT for table `personal_access_tokens`
--
ALTER TABLE `personal_access_tokens`
  MODIFY `id` bigint(20) UNSIGNED NOT NULL AUTO_INCREMENT;

--
-- AUTO_INCREMENT for table `symbol`
--
ALTER TABLE `symbol`
  MODIFY `id` bigint(20) UNSIGNED NOT NULL AUTO_INCREMENT, AUTO_INCREMENT=27;

--
-- AUTO_INCREMENT for table `user`
--
ALTER TABLE `user`
  MODIFY `id` bigint(20) UNSIGNED NOT NULL AUTO_INCREMENT, AUTO_INCREMENT=5;
COMMIT;

/*!40101 SET CHARACTER_SET_CLIENT=@OLD_CHARACTER_SET_CLIENT */;
/*!40101 SET CHARACTER_SET_RESULTS=@OLD_CHARACTER_SET_RESULTS */;
/*!40101 SET COLLATION_CONNECTION=@OLD_COLLATION_CONNECTION */;
